1018261,Credit
1018261,WIC
1018261,SFMNP
1009994,Credit
1009994,SFMNP
1000709,Credit
1000709,WIC
1000709,WICcash
1000709,SFMNP
1000709,SNAP
1019956,Credit
1009959,Credit
1009959,WICcash
1009959,SNAP
1004950,Credit
1019938,Credit
1019938,WIC
1019938,WICcash
1019938,SFMNP
1019938,SNAP
1021607,Credit
1021607,SNAP
1018965,Credit
1018965,SNAP
1009004,Credit
1009004,WIC
1009004,SFMNP
1009004,SNAP
1019473,Credit
1019473,WIC
1019473,SFMNP
1019473,SNAP
1010487,Credit
1010487,SFMNP
1010487,SNAP
1019695,Credit
1021442,Credit
1021442,SNAP
1019676,Credit
1019676,WIC
1019676,SFMNP
1019676,SNAP
1019351,Credit
1019351,WIC
1019351,SFMNP
1019351,SNAP
1019847,Credit
1019847,WIC
1019847,SFMNP
1019203,Credit
1019203,WIC
1019203,WICcash
1019203,SFMNP
1019203,SNAP
1012233,Credit
1012233,WIC
1012233,WICcash
1012233,SFMNP
1005258,Credit
1005258,SFMNP
1005258,SNAP
1008054,Credit
1008612,Credit
1008612,WIC
1008612,SFMNP
1008612,SNAP
1018304,Credit
1004070,Credit
1004070,SNAP
1021689,Credit
1021689,WIC
1021689,SFMNP
1021689,SNAP
1019371,Credit
1019371,WIC
1019371,WICcash
1019371,SFMNP
1019371,SNAP
1021578,Credit
1000519,Credit
1000519,WIC
1021464,Credit
1021464,WIC
1021464,SFMNP
1021464,SNAP
1021597,Credit
1021597,WIC
1021597,SFMNP
1019831,Credit
1019831,SFMNP
1019831,SNAP
1019832,Credit
1019832,SFMNP
1019832,SNAP
1012389,Credit
1012389,WIC
1012389,SFMNP
1012389,SNAP
1020150,Credit
1020150,WIC
1020150,SFMNP
1020150,SNAP
1021309,Credit
1021309,WIC
1021309,SFMNP
1003563,Credit
1019438,Credit
1019438,SNAP
1012157,Credit
1012157,SNAP
1005944,Credit
1005944,WIC
1005944,SFMNP
1005944,SNAP
1019647,Credit
1019647,WIC
1019647,WICcash
1019647,SFMNP
1019647,SNAP
1020084,Credit
1020084,SFMNP
1003516,Credit
1003516,WIC
1003516,WICcash
1003516,SFMNP
1003516,SNAP
1020060,Credit
1020060,WIC
1020060,SFMNP
1020060,SNAP
1019096,Credit
1019096,SNAP
1019350,Credit
1000431,Credit
1000431,WIC
1000431,WICcash
1000431,SNAP
1021359,Credit
1021359,WICcash
1021359,SNAP
1021733,Credit
1021733,WIC
1021733,WICcash
1021733,SFMNP
1021733,SNAP
1021732,Credit
1021732,WIC
1021732,WICcash
1021732,SFMNP
1021732,SNAP
1019662,Credit
1019904,Credit
1019904,WIC
1019904,WICcash
1019904,SFMNP
1019904,SNAP
1019222,Credit
1019495,Credit
1019495,SNAP
1020068,Credit
1020068,SNAP
1009810,Credit
1009810,WIC
1009810,WICcash
1009810,SFMNP
1009810,SNAP
1021627,Credit
1021627,WIC
1021627,WICcash
1021627,SNAP
1001245,Credit
1001245,WIC
1001245,WICcash
1001245,SNAP
1002984,Credit
1002984,SFMNP
1002984,SNAP
1005086,Credit
1005086,WIC
1005086,SFMNP
1005086,SNAP
1021450,Credit
1021450,SNAP
1021225,Credit
1021225,WIC
1021225,WICcash
1021225,SFMNP
1021225,SNAP
1019789,Credit
1019789,WIC
1019789,SFMNP
1019789,SNAP
1021329,Credit
1000559,Credit
1021534,Credit
1021534,WIC
1021534,SNAP
1021528,Credit
1021528,SNAP
1021530,Credit
1021530,SNAP
1021529,Credit
1021529,SNAP
1019044,Credit
1019044,WIC
1019044,WICcash
1019044,SFMNP
1019076,Credit
1021338,Credit
1021338,WIC
1021338,WICcash
1021338,SFMNP
1021338,SNAP
1021521,Credit
1012081,Credit
1012081,WIC
1012081,WICcash
1012081,SNAP
1021582,Credit
1021582,WIC
1001604,Credit
1001604,SNAP
1020029,Credit
1003335,Credit
1003335,SNAP
1019871,Credit
1000436,Credit
1000436,SNAP
1021540,Credit
1021540,SNAP
1021265,Credit
1021443,Credit
1021443,WIC
1021443,SFMNP
1021443,SNAP
1019617,Credit
1019874,Credit
1020102,Credit
1020102,WIC
1020097,Credit
1020097,WICcash
1020097,SFMNP
1021630,Credit
1021630,WIC
1021630,WICcash
1021630,SFMNP
1021630,SNAP
1019853,Credit
1019400,Credit
1010607,Credit
1010607,WIC
1010607,WICcash
1010607,SFMNP
1011902,Credit
1011902,SFMNP
1021363,Credit
1008140,Credit
1008140,WIC
1008140,SFMNP
1008140,SNAP
1002064,Credit
1002064,WIC
1002064,WICcash
1002064,SFMNP
1002064,SNAP
1011363,Credit
1001316,Credit
1001316,WIC
1001533,Credit
1001533,WIC
1001533,SNAP
1018644,Credit
1021403,Credit
1021403,WIC
1021403,SFMNP
1021403,SNAP
1005183,Credit
1005183,SFMNP
1005183,SNAP
1019005,Credit
1021628,Credit
1021628,SNAP
1019168,Credit
1019168,SFMNP
1019168,SNAP
1019169,Credit
1019169,SFMNP
1019169,SNAP
1019967,Credit
1010406,Credit
1010406,WIC
1010406,WICcash
1012494,Credit
1012494,WIC
1012494,SFMNP
1012494,SNAP
1020196,Credit
1020196,WIC
1020196,SFMNP
1020196,SNAP
1019765,Credit
1019765,WIC
1019765,SFMNP
1019765,SNAP
1005949,Credit
1005949,WIC
1005949,WICcash
1005949,SFMNP
1005949,SNAP
1019338,Credit
1019338,SNAP
1019339,Credit
1019339,SNAP
1019591,Credit
1019591,WIC
1019591,SFMNP
1019591,SNAP
1021508,Credit
1011037,Credit
1011037,SNAP
1012163,Credit
1012163,SNAP
1011829,Credit
1011829,WIC
1011829,WICcash
1011829,SFMNP
1011829,SNAP
1018563,Credit
1018563,SNAP
1019932,Credit
1019372,Credit
1019372,SFMNP
1019440,Credit
1018092,Credit
1018092,WIC
1018092,SFMNP
1018313,Credit
1018313,SNAP
1018316,Credit
1018316,SNAP
1020101,Credit
1020101,WIC
1006833,Credit
1006833,WIC
1006833,WICcash
1006833,SFMNP
1006833,SNAP
1019318,Credit
1019693,Credit
1018394,Credit
1001526,Credit
1019165,Credit
1019165,WIC
1020096,Credit
1020096,WIC
1020096,SFMNP
1020099,Credit
1020099,WIC
1020099,SFMNP
1019205,Credit
1019205,WIC
1019205,SFMNP
1019205,SNAP
1021248,Credit
1021248,SNAP
1018227,Credit
1018227,WIC
1018227,WICcash
1018227,SFMNP
1018227,SNAP
1002407,Credit
1002407,WIC
1002407,SFMNP
1002407,SNAP
1011075,Credit
1011075,SNAP
1020113,Credit
1020113,SFMNP
1018556,Credit
1018556,WIC
1018556,SFMNP
1018556,SNAP
1019146,Credit
1018756,Credit
1018756,SNAP
1019905,Credit
1019905,WIC
1019905,WICcash
1019905,SFMNP
1019905,SNAP
1019257,Credit
1019257,SNAP
1019984,Credit
1019984,WICcash
1019984,SFMNP
1019984,SNAP
1019794,Credit
1019527,Credit
1019527,WIC
1019527,WICcash
1019527,SFMNP
1019527,SNAP
1021210,Credit
1021210,WIC
1021210,SFMNP
1021210,SNAP
1021736,Credit
1021736,SNAP
1018891,Credit
1018891,SFMNP
1018891,SNAP
1021515,Credit
1021262,Credit
1021262,WIC
1021262,SFMNP
1021262,SNAP
1019906,Credit
1019906,WIC
1019906,WICcash
1019906,SFMNP
1019906,SNAP
1019727,Credit
1019727,WIC
1019727,SFMNP
1019727,SNAP
1017968,Credit
1017968,WIC
1017968,SFMNP
1008607,Credit
1008607,SNAP
1021311,Credit
1021311,WIC
1021311,SFMNP
1019218,Credit
1008953,Credit
1008953,WIC
1008953,WICcash
1008953,SNAP
1019492,Credit
1021524,Credit
1019965,Credit
1019965,SNAP
1021728,Credit
1021728,WICcash
1021728,SFMNP
1021728,SNAP
1001362,Credit
1001362,WIC
1001362,SFMNP
1001362,SNAP
1021238,Credit
1021614,Credit
1021614,SNAP
1004927,Credit
1019922,Credit
1019922,WIC
1019922,WICcash
1019922,SFMNP
1019922,SNAP
1019978,Credit
1019978,WIC
1019978,SNAP
1018263,Credit
1018263,SNAP
1019980,Credit
1019980,WIC
1019980,WICcash
1019980,SFMNP
1018459,Credit
1018459,WIC
1019997,Credit
1019997,WIC
1019997,WICcash
1019997,SFMNP
1020160,Credit
1020160,WIC
1020160,WICcash
1020160,SFMNP
1020160,SNAP
1020183,Credit
1020183,WIC
1002674,Credit
1002674,SFMNP
1002674,SNAP
1021575,Credit
1021575,WIC
1021575,SFMNP
1021575,SNAP
1020117,Credit
1020117,WIC
1020117,SFMNP
1020118,Credit
1020118,WIC
1020118,SFMNP
1020119,Credit
1020119,WIC
1020119,SFMNP
1020184,Credit
1020184,WIC
1020184,SNAP
1009034,Credit
1009034,WICcash
1009034,SFMNP
1019810,Credit
1019810,WIC
1019810,SFMNP
1019810,SNAP
1021202,Credit
1021202,WIC
1021202,SFMNP
1021202,SNAP
1012038,Credit
1012038,WIC
1012038,SNAP
1019772,Credit
1019772,WIC
1019772,SFMNP
1019772,SNAP
1021435,Credit
1021435,WIC
1021435,SFMNP
1021435,SNAP
1021294,Credit
1021294,SNAP
1021655,Credit
1011930,Credit
1011930,WIC
1011930,SFMNP
1011930,SNAP
1018359,Credit
1008450,Credit
1008450,WIC
1006651,Credit
1006651,WIC
1006651,SFMNP
1006651,SNAP
1019417,Credit
1019417,SFMNP
1021269,Credit
1021269,WIC
1021269,SFMNP
1021269,SNAP
1008322,Credit
1021213,Credit
1021213,WIC
1021213,WICcash
1021213,SFMNP
1021213,SNAP
1020071,Credit
1020071,WIC
1020071,SFMNP
1020074,Credit
1020074,WIC
1020074,SFMNP
1012093,Credit
1021740,Credit
1008276,Credit
1008276,WIC
1008276,SFMNP
1008276,SNAP
1019159,Credit
1021242,Credit
1012484,Credit
1012484,WIC
1012484,SFMNP
1012484,SNAP
1019842,Credit
1021362,Credit
1018734,Credit
1021226,Credit
1021226,WIC
1021226,WICcash
1021226,SFMNP
1021226,SNAP
1019907,Credit
1019907,WIC
1019907,WICcash
1019907,SFMNP
1019907,SNAP
1019618,Credit
1019618,WIC
1019618,SFMNP
1019618,SNAP
1020142,Credit
1020142,WIC
1020142,WICcash
1020142,SNAP
1020141,Credit
1020141,WIC
1020141,WICcash
1020141,SFMNP
1020141,SNAP
1020058,Credit
1020058,WIC
1020058,WICcash
1020058,SFMNP
1020058,SNAP
1020057,Credit
1020057,WIC
1020057,WICcash
1020057,SFMNP
1020057,SNAP
1020056,Credit
1020056,WIC
1020056,WICcash
1020056,SFMNP
1020056,SNAP
1019225,Credit
1021267,Credit
1021267,WICcash
1021267,SNAP
1021564,Credit
1021564,SNAP
1017995,Credit
1021741,Credit
1021741,WIC
1021741,WICcash
1021741,SFMNP
1005834,Credit
1005834,WIC
1005834,WICcash
1005834,SFMNP
1005834,SNAP
1004754,Credit
1004754,WICcash
1004754,SNAP
1008606,Credit
1021310,Credit
1021310,WIC
1021310,SFMNP
1020128,Credit
1020128,WIC
1020128,WICcash
1020128,SFMNP
1020128,SNAP
1020129,Credit
1020129,WIC
1020129,WICcash
1020129,SFMNP
1020129,SNAP
1020127,Credit
1020127,WIC
1020127,WICcash
1020127,SFMNP
1020127,SNAP
1001763,Credit
1001763,SFMNP
1001763,SNAP
1019104,Credit
1019104,SNAP
1008409,Credit
1008409,WIC
1021237,Credit
1021237,SNAP
1004360,Credit
1021653,Credit
1019141,Credit
1019141,SNAP
1005250,Credit
1005250,SFMNP
1005250,SNAP
1021199,Credit
1021199,WIC
1021199,WICcash
1021199,SFMNP
1021199,SNAP
1019717,Credit
1019717,SFMNP
1004255,Credit
1004255,SNAP
1017930,Credit
1017930,WIC
1017930,SFMNP
1017930,SNAP
1000303,Credit
1021433,Credit
1005940,Credit
1005940,WIC
1005940,WICcash
1005940,SFMNP
1005940,SNAP
1005941,Credit
1005941,WIC
1005941,WICcash
1005941,SFMNP
1005941,SNAP
1019206,Credit
1019206,WIC
1019206,WICcash
1019206,SFMNP
1019206,SNAP
1005943,Credit
1005943,WIC
1005943,WICcash
1005943,SFMNP
1005943,SNAP
1002106,Credit
1002106,WIC
1002106,WICcash
1002106,SNAP
1019061,Credit
1019061,SNAP
1021441,Credit
1021441,SFMNP
1019110,Credit
1019110,SNAP
1019741,Credit
1019823,Credit
1019823,SNAP
1019763,Credit
1019763,WIC
1019763,SFMNP
1019763,SNAP
1000549,Credit
1000549,SFMNP
1000549,SNAP
1002808,Credit
1018969,Credit
1018969,WIC
1018969,SNAP
1019821,Credit
1019821,WIC
1019821,SFMNP
1019821,SNAP
1020135,Credit
1020135,WIC
1020135,SFMNP
1020135,SNAP
1021232,Credit
1021232,WIC
1021232,SFMNP
1021232,SNAP
1001290,Credit
1001290,WIC
1001290,WICcash
1001290,SNAP
1000210,Credit
1000210,SNAP
1009656,Credit
1009656,SNAP
1018196,Credit
1018196,WIC
1019790,Credit
1019790,SFMNP
1019790,SNAP
1010758,Credit
1019483,Credit
1019483,WIC
1019483,WICcash
1019483,SFMNP
1019199,Credit
1019199,SFMNP
1019199,SNAP
1020124,Credit
1020124,WIC
1020124,WICcash
1020124,SFMNP
1020124,SNAP
1011003,Credit
1011003,SNAP
1021541,Credit
1021541,WIC
1021541,SNAP
1019592,Credit
1019042,Credit
1019042,SFMNP
1012030,Credit
1012030,WIC
1012030,WICcash
1012030,SFMNP
1012030,SNAP
1021396,Credit
1021396,WIC
1018190,Credit
1018190,WIC
1018190,SFMNP
1021639,Credit
1021639,WIC
1021639,SFMNP
1021639,SNAP
1012666,Credit
1008959,Credit
1008959,SNAP
1021691,Credit
1021691,WIC
1021691,SFMNP
1021691,SNAP
1018629,Credit
1018629,WIC
1018629,WICcash
1018629,SFMNP
1018629,SNAP
1010975,Credit
1010975,SFMNP
1010975,SNAP
1004382,Credit
1004382,WIC
1004382,WICcash
1004382,SFMNP
1004382,SNAP
1018221,Credit
1018221,SNAP
1000368,Credit
1000368,WICcash
1000368,SFMNP
1019530,Credit
1019530,WIC
1019530,SFMNP
1019530,SNAP
1019529,Credit
1019529,WIC
1019529,SFMNP
1019529,SNAP
1019531,Credit
1019531,WIC
1019531,SFMNP
1019531,SNAP
1019258,Credit
1019258,SNAP
1019325,Credit
1019325,WIC
1019296,Credit
1019296,WICcash
1019296,SNAP
1009993,Credit
1009993,SFMNP
1021330,Credit
1021330,SFMNP
1021330,SNAP
1021331,Credit
1021331,SFMNP
1021331,SNAP
1021227,Credit
1021227,WIC
1021227,WICcash
1021227,SFMNP
1021227,SNAP
1019260,Credit
1019260,WIC
1019260,SFMNP
1019260,SNAP
1019261,Credit
1019261,WIC
1019261,SFMNP
1019261,SNAP
1019262,Credit
1019262,WIC
1019262,SFMNP
1019262,SNAP
1002470,Credit
1002470,WIC
1002470,WICcash
1002470,SFMNP
1002470,SNAP
1012365,Credit
1012365,WIC
1012365,WICcash
1012365,SFMNP
1012365,SNAP
1021346,Credit
1021346,WIC
1021346,WICcash
1021346,SFMNP
1021346,SNAP
1019701,Credit
1019701,WIC
1019701,WICcash
1019701,SFMNP
1019702,Credit
1019702,WIC
1019702,WICcash
1019702,SFMNP
1020109,Credit
1020109,WIC
1020109,SFMNP
1021387,Credit
1021387,WIC
1021387,SFMNP
1021387,SNAP
1019539,Credit
1019539,SFMNP
1021408,Credit
1004516,Credit
1004516,WIC
1004516,SFMNP
1004516,SNAP
1012505,Credit
1012505,WIC
1012505,WICcash
1018157,Credit
1018157,WIC
1018157,WICcash
1018157,SFMNP
1018157,SNAP
1019880,Credit
1019880,WIC
1019880,WICcash
1019880,SFMNP
1012254,Credit
1019100,Credit
1021457,Credit
1018945,Credit
1018945,WICcash
1018945,SFMNP
1018945,SNAP
1019970,Credit
1019970,SNAP
1021570,Credit
1021570,WIC
1021570,SFMNP
1021570,SNAP
1012296,Credit
1012296,WICcash
1012296,SFMNP
1012296,SNAP
1011103,Credit
1011103,SNAP
1002536,Credit
1002536,WIC
1020061,Credit
1018416,Credit
1018416,SFMNP
1019308,Credit
1019308,WICcash
1019308,SFMNP
1019308,SNAP
1021591,Credit
1021591,WIC
1021591,SFMNP
1021591,SNAP
1021649,Credit
1021649,WIC
1021649,SNAP
1007255,Credit
1007255,WIC
1007255,SFMNP
1007255,SNAP
1003628,Credit
1003628,SFMNP
1003628,SNAP
1021318,Credit
1021318,WIC
1021318,SFMNP
1021261,Credit
1021261,WIC
1021261,SFMNP
1018958,Credit
1018958,SFMNP
1019458,Credit
1019458,WIC
1019458,SFMNP
1019458,SNAP
1018816,Credit
1018816,SNAP
1019742,Credit
1019742,WIC
1019742,SFMNP
1019742,SNAP
1019439,Credit
1019439,SNAP
1019964,Credit
1019964,SNAP
1018706,Credit
1018706,WIC
1018706,WICcash
1018706,SNAP
1020111,Credit
1020111,SNAP
1003046,Credit
1009829,Credit
1009829,SNAP
1009894,Credit
1009894,WIC
1009894,WICcash
1009894,SFMNP
1009894,SNAP
1021296,Credit
1021296,WIC
1021296,WICcash
1021296,SFMNP
1021296,SNAP
1010954,Credit
1010954,WIC
1010954,WICcash
1010954,SFMNP
1010954,SNAP
1016793,Credit
1016793,WIC
1016793,WICcash
1016793,SFMNP
1016793,SNAP
1010969,Credit
1010969,WIC
1010969,WICcash
1010969,SFMNP
1010969,SNAP
1010972,Credit
1010972,WIC
1010972,WICcash
1010972,SFMNP
1010972,SNAP
1010958,Credit
1010958,WIC
1010958,WICcash
1010958,SFMNP
1010958,SNAP
1016792,Credit
1016792,WIC
1016792,WICcash
1016792,SFMNP
1016792,SNAP
1009895,Credit
1009895,WIC
1009895,WICcash
1009895,SFMNP
1009895,SNAP
1010982,Credit
1010982,WIC
1010982,WICcash
1010982,SFMNP
1010982,SNAP
1010960,Credit
1010960,WIC
1010960,WICcash
1010960,SFMNP
1010960,SNAP
1016867,Credit
1016867,WIC
1016867,SFMNP
1019667,Credit
1009043,Credit
1009043,SNAP
1020064,Credit
1020064,WIC
1020064,SFMNP
1020064,SNAP
1020000,Credit
1020000,WIC
1020000,SFMNP
1020000,SNAP
1020001,Credit
1020001,SNAP
1019370,Credit
1019944,Credit
1019944,WIC
1019944,SFMNP
1019944,SNAP
1021401,Credit
1021401,WIC
1021401,SNAP
1000841,Credit
1019401,Credit
1019401,SNAP
1021631,Credit
1021631,WIC
1021631,SFMNP
1021631,SNAP
1002400,Credit
1019032,Credit
1019856,Credit
1012243,Credit
1012243,WIC
1012243,SNAP
1012256,Credit
1012256,WIC
1012256,SNAP
1019654,Credit
1019654,WIC
1019654,SFMNP
1019654,SNAP
1019341,Credit
1019341,WIC
1019341,SFMNP
1019341,SNAP
1019083,Credit
1019083,SNAP
1009757,Credit
1018930,Credit
1018930,WIC
1018930,SFMNP
1018930,SNAP
1003977,Credit
1003977,WIC
1003977,SFMNP
1003977,SNAP
1018621,Credit
1018621,WIC
1018621,WICcash
1018621,SFMNP
1018621,SNAP
1021716,Credit
1021716,WIC
1021716,SFMNP
1021716,SNAP
1021411,Credit
1019525,Credit
1019525,WIC
1019525,SFMNP
1019525,SNAP
1019729,Credit
1019729,SNAP
1004676,Credit
1004676,WIC
1004676,WICcash
1004676,SFMNP
1004676,SNAP
1005358,Credit
1005358,WIC
1005358,WICcash
1005358,SFMNP
1005358,SNAP
1005197,Credit
1005197,WIC
1005197,WICcash
1005197,SFMNP
1005197,SNAP
1019994,Credit
1018953,Credit
1018953,SNAP
1000312,Credit
1000312,WIC
1000312,SFMNP
1000312,SNAP
1012345,Credit
1012345,WIC
1012345,SFMNP
1012345,SNAP
1019082,Credit
1019082,WIC
1019082,SNAP
1019870,Credit
1021275,Credit
1018159,Credit
1018159,SFMNP
1018159,SNAP
1021303,Credit
1021303,WIC
1021303,SFMNP
1021303,SNAP
1021414,Credit
1021414,WIC
1021414,SFMNP
1021414,SNAP
1011673,Credit
1011673,SNAP
1019079,Credit
1019079,WIC
1020133,Credit
1020133,WIC
1020133,WICcash
1020133,SFMNP
1020133,SNAP
1011113,Credit
1011113,SNAP
1019510,Credit
1019510,WIC
1019510,WICcash
1019510,SFMNP
1019510,SNAP
1020172,Credit
1020172,WIC
1020172,WICcash
1020172,SFMNP
1020172,SNAP
1012717,Credit
1012717,WICcash
1012717,SFMNP
1012717,SNAP
1019094,Credit
1019094,WIC
1019094,SFMNP
1019094,SNAP
1021300,Credit
1021300,WIC
1021300,SFMNP
1021300,SNAP
1019125,Credit
1021698,Credit
1021698,WIC
1021698,SFMNP
1021698,SNAP
1009867,Credit
1009867,WIC
1009867,WICcash
1009867,SFMNP
1009867,SNAP
1019624,Credit
1019624,WIC
1019624,SNAP
1021710,Credit
1021710,WICcash
1021710,SFMNP
1021228,Credit
1021228,WIC
1021228,WICcash
1021228,SFMNP
1021228,SNAP
1012783,Credit
1012783,WIC
1012783,SFMNP
1012783,SNAP
1012160,Credit
1012160,WIC
1012160,SFMNP
1019118,Credit
1021574,Credit
1021574,WIC
1021574,SFMNP
1019936,Credit
1019936,WIC
1019936,SFMNP
1019936,SNAP
1012634,Credit
1012634,WIC
1012634,WICcash
1012634,SFMNP
1019921,Credit
1021587,Credit
1021587,WIC
1021587,SFMNP
1018900,Credit
1018900,WIC
1018900,SFMNP
1018900,SNAP
1018898,Credit
1018898,WIC
1018898,SFMNP
1018898,SNAP
1020112,Credit
1020112,WIC
1020112,SFMNP
1018717,Credit
1018717,WIC
1018717,WICcash
1018717,SNAP
1021207,Credit
1021207,WIC
1021207,SNAP
1002657,Credit
1002657,WICcash
1002657,SNAP
1002769,Credit
1002769,WIC
1002769,SFMNP
1019398,Credit
1019398,SNAP
1012045,Credit
1012045,WIC
1012045,SFMNP
1012045,SNAP
1019684,Credit
1018765,Credit
1018765,WIC
1018765,SNAP
1019687,Credit
1006678,Credit
1006678,WIC
1006678,SFMNP
1006678,SNAP
1003568,Credit
1003568,WIC
1003568,SFMNP
1020053,Credit
1020053,WIC
1020053,SNAP
1019954,Credit
1019954,WIC
1019954,WICcash
1019954,SFMNP
1019954,SNAP
1010195,Credit
1010195,WIC
1010195,SFMNP
1010195,SNAP
1005267,Credit
1005267,SFMNP
1005267,SNAP
1019081,Credit
1019081,WIC
1018622,Credit
1018622,WIC
1018622,WICcash
1018622,SFMNP
1018622,SNAP
1019186,Credit
1019049,Credit
1019049,SFMNP
1019049,SNAP
1018562,Credit
1018562,WIC
1018562,WICcash
1018562,SFMNP
1018562,SNAP
1019457,Credit
1019457,SFMNP
1019457,SNAP
1010889,Credit
1019841,Credit
1019841,SNAP
1021514,Credit
1021514,SFMNP
1021514,SNAP
1019499,Credit
1019499,WIC
1019499,WICcash
1019499,SFMNP
1019499,SNAP
1019523,Credit
1019523,WIC
1019523,SFMNP
1019523,SNAP
1018937,Credit
1019436,Credit
1019436,WIC
1019436,WICcash
1019436,SFMNP
1021666,Credit
1021666,WIC
1021666,SFMNP
1021734,Credit
1018131,Credit
1020104,Credit
1020104,WIC
1020104,SFMNP
1021388,Credit
1021388,WIC
1021388,SNAP
1019705,Credit
1005069,Credit
1005069,WIC
1005069,SFMNP
1005069,SNAP
1021404,Credit
1021404,WICcash
1021404,SFMNP
1005159,Credit
1005159,SNAP
1021538,Credit
1021538,SNAP
1021581,Credit
1019993,Credit
1019993,WIC
1020079,Credit
1020079,WICcash
1020079,SFMNP
1020080,Credit
1020080,WICcash
1020080,SFMNP
1021595,Credit
1019862,Credit
1019862,WIC
1019862,SFMNP
1019862,SNAP
1016870,Credit
1016870,SFMNP
1016870,SNAP
1021460,Credit
1021460,SFMNP
1021460,SNAP
1019800,Credit
1019800,WICcash
1019800,SFMNP
1019800,SNAP
1012627,Credit
1021676,Credit
1021665,Credit
1021665,WIC
1021665,SFMNP
1021665,SNAP
1020193,Credit
1020193,WIC
1020193,SFMNP
1020193,SNAP
1012308,Credit
1012308,WIC
1012308,WICcash
1012308,SFMNP
1012308,SNAP
1019771,Credit
1019771,SNAP
1018193,Credit
1020008,Credit
1020008,SFMNP
1020008,SNAP
1019677,Credit
1004377,Credit
1004377,WICcash
1019914,Credit
1019914,WIC
1019914,WICcash
1019914,SFMNP
1019897,Credit
1019897,WIC
1019897,SFMNP
1020091,Credit
1020091,WIC
1020091,WICcash
1020091,SFMNP
1020065,Credit
1020065,WIC
1021453,Credit
1021453,WIC
1021453,SFMNP
1021453,SNAP
1019123,Credit
1019123,SNAP
1000958,Credit
1000958,SNAP
1021638,Credit
1021638,WIC
1021638,SFMNP
1021638,SNAP
1021504,Credit
1021504,WIC
1021504,SNAP
1002803,Credit
1021680,Credit
1018505,Credit
1018505,WIC
1018505,WICcash
1018505,SFMNP
1018505,SNAP
1019101,Credit
1002880,Credit
1002880,WIC
1002880,SFMNP
1002880,SNAP
1019298,Credit
1019298,WIC
1019298,SFMNP
1019298,SNAP
1019147,Credit
1019147,SNAP
1021654,Credit
1021654,WIC
1021654,SFMNP
1021654,SNAP
1020092,Credit
1020092,WIC
1020007,Credit
1020007,WIC
1020007,SNAP
1021565,Credit
1012429,Credit
1012429,SNAP
1021353,Credit
1021353,WIC
1021353,WICcash
1021353,SFMNP
1021353,SNAP
1019600,Credit
1018671,Credit
1018671,WIC
1018671,SFMNP
1018671,SNAP
1011730,Credit
1021552,Credit
1019762,Credit
1019285,Credit
1019998,Credit
1018121,Credit
1018121,WICcash
1019949,Credit
1019949,SNAP
1006661,Credit
1006661,WIC
1006661,SFMNP
1006661,SNAP
1021590,Credit
1021590,WIC
1021590,SFMNP
1021590,SNAP
1021444,Credit
1021444,SFMNP
1021730,Credit
1021730,SFMNP
1019630,Credit
1011814,Credit
1011814,WIC
1011814,WICcash
1011814,SFMNP
1011814,SNAP
1018970,Credit
1018970,SFMNP
1018831,Credit
1019728,Credit
1019728,WIC
1019728,WICcash
1019728,SFMNP
1019728,SNAP
1021662,Credit
1021662,SFMNP
1021662,SNAP
1020095,Credit
1020095,SFMNP
1021677,Credit
1021677,WIC
1021416,Credit
1012033,Credit
1012033,WIC
1012033,WICcash
1012033,SFMNP
1012033,SNAP
1019602,Credit
1019602,WIC
1019602,WICcash
1019602,SNAP
1019603,Credit
1019603,WIC
1019603,WICcash
1019603,SNAP
1019604,Credit
1019604,WIC
1019604,WICcash
1019604,SNAP
1019605,Credit
1019605,WIC
1019605,WICcash
1019605,SNAP
1019606,Credit
1019606,WIC
1019606,WICcash
1019606,SNAP
1019607,Credit
1019607,WIC
1019607,WICcash
1019607,SNAP
1019608,Credit
1019608,WIC
1019608,WICcash
1019608,SNAP
1021461,Credit
1021284,Credit
1021284,SNAP
1008573,Credit
1008573,SNAP
1002767,Credit
1002767,WIC
1002767,SFMNP
1005588,Credit
1005588,SFMNP
1019710,Credit
1019710,WIC
1019710,WICcash
1019710,SFMNP
1019710,SNAP
1019414,Credit
1019414,WIC
1019414,SFMNP
1019414,SNAP
1021364,Credit
1021364,WIC
1021364,WICcash
1021364,SFMNP
1021364,SNAP
1020050,Credit
1020050,SFMNP
1020050,SNAP
1019833,Credit
1021350,Credit
1021350,SNAP
1021308,Credit
1021308,WIC
1021308,SFMNP
1012253,Credit
1012253,WIC
1012253,WICcash
1012253,SFMNP
1021392,Credit
1005937,Credit
1005937,SNAP
1017947,Credit
1017947,SNAP
1021484,Credit
1021484,SNAP
1019989,Credit
1019989,WIC
1019989,SFMNP
1019989,SNAP
1021456,Credit
1021456,SNAP
1006059,Credit
1006059,WICcash
1006059,SNAP
1021289,Credit
1021289,SNAP
1021319,Credit
1021319,WIC
1021319,SFMNP
1021319,SNAP
1021320,Credit
1021320,WIC
1021320,SFMNP
1021320,SNAP
1004849,Credit
1006997,Credit
1006997,SNAP
1019805,Credit
1019805,WICcash
1019805,SFMNP
1019805,SNAP
1019132,Credit
1018472,Credit
1018472,SFMNP
1021382,Credit
1021382,WIC
1021382,SFMNP
1021382,SNAP
1021536,Credit
1019088,Credit
1019088,WIC
1019088,SNAP
1021247,Credit
1021247,SNAP
1018619,Credit
1018619,WIC
1018619,WICcash
1018619,SFMNP
1018619,SNAP
1005265,Credit
1005265,SFMNP
1005265,SNAP
1001804,Credit
1001804,SFMNP
1001804,SNAP
1021584,Credit
1021584,WIC
1021584,SNAP
1019673,Credit
1018774,Credit
1019738,Credit
1019738,WIC
1019738,WICcash
1019738,SNAP
1019209,Credit
1001597,Credit
1001597,WIC
1001597,SFMNP
1001597,SNAP
1021583,Credit
1021583,SFMNP
1021583,SNAP
1006425,Credit
1019065,Credit
1019065,SFMNP
1019148,Credit
1019533,Credit
1019533,WIC
1019533,SFMNP
1019533,SNAP
1019770,Credit
1019770,WICcash
1019770,SFMNP
1019770,SNAP
1019154,Credit
1019154,WIC
1019154,WICcash
1018380,Credit
1021696,Credit
1021555,Credit
1021555,SFMNP
1020107,Credit
1020107,WIC
1020107,SFMNP
1011782,Credit
1018282,Credit
1018282,WIC
1018282,SFMNP
1018282,SNAP
1021431,Credit
1021431,WIC
1021431,SFMNP
1021431,SNAP
1021671,Credit
1021671,SNAP
1021672,Credit
1021672,SNAP
1021211,Credit
1019786,Credit
1019757,Credit
1019192,Credit
1021286,Credit
1020174,Credit
1003684,Credit
1003684,WIC
1003684,SFMNP
1003684,SNAP
1019234,Credit
1006285,Credit
1006285,WIC
1006285,SFMNP
1006285,SNAP
1019486,Credit
1019486,SNAP
1021355,Credit
1021355,SFMNP
1021355,SNAP
1020026,Credit
1019224,Credit
1019224,WICcash
1019224,SFMNP
1019224,SNAP
1019220,Credit
1019220,SNAP
1012260,Credit
1012260,WIC
1012260,WICcash
1012260,SFMNP
1012260,SNAP
1006831,Credit
1006831,SFMNP
1006831,SNAP
1021327,Credit
1021327,SNAP
1018951,Credit
1018951,SFMNP
1019688,Credit
1019959,Credit
1019959,WIC
1019959,SFMNP
1019959,SNAP
1019962,Credit
1019962,WIC
1019962,SFMNP
1019962,SNAP
1021249,Credit
1021249,WIC
1021249,SFMNP
1021249,SNAP
1005076,Credit
1019330,Credit
1019330,WICcash
1019330,SNAP
1010937,Credit
1010937,WIC
1010937,SFMNP
1010937,SNAP
1021511,Credit
1021511,WIC
1021511,SFMNP
1021511,SNAP
1021512,Credit
1021512,WIC
1021512,SFMNP
1021512,SNAP
1021516,Credit
1021516,WICcash
1021516,SFMNP
1021516,SNAP
1011761,Credit
1011761,SNAP
1018972,Credit
1018972,WIC
1018972,SFMNP
1008980,Credit
1021547,Credit
1021547,WIC
1019302,Credit
1018853,Credit
1018853,WIC
1018853,SFMNP
1018853,SNAP
1021229,Credit
1021229,WIC
1021229,WICcash
1021229,SFMNP
1021229,SNAP
1018458,Credit
1018458,WIC
1018458,SFMNP
1018458,SNAP
1007267,Credit
1007267,WIC
1007267,WICcash
1007267,SFMNP
1007267,SNAP
1009663,Credit
1019819,Credit
1019819,WIC
1021705,Credit
1021705,SFMNP
1021705,SNAP
1021711,Credit
1021711,WIC
1021711,SFMNP
1012041,Credit
1012041,WIC
1012041,WICcash
1012041,SFMNP
1012041,SNAP
1020100,Credit
1020100,WIC
1020100,SFMNP
1020100,SNAP
1008366,Credit
1008366,WIC
1008366,SFMNP
1008366,SNAP
1019313,Credit
1018200,Credit
1018200,WIC
1018200,WICcash
1018200,SFMNP
1018200,SNAP
1005674,Credit
1005674,WIC
1005674,WICcash
1005674,SFMNP
1005674,SNAP
1018152,Credit
1019990,Credit
1021610,Credit
1021610,SNAP
1021612,Credit
1021612,WICcash
1021612,SFMNP
1021612,SNAP
1019056,Credit
1010598,Credit
1010598,WIC
1010598,SFMNP
1010598,SNAP
1021268,Credit
1021268,WIC
1021268,SFMNP
1019586,Credit
1021635,Credit
1011325,Credit
1011325,SFMNP
1011325,SNAP
1021703,Credit
1012621,Credit
1012621,WIC
1012621,SFMNP
1006417,Credit
1006417,SNAP
1005080,Credit
1005080,WIC
1005080,SFMNP
1005080,SNAP
1020136,Credit
1019011,Credit
1019011,WIC
1019011,SFMNP
1019236,Credit
1019236,SNAP
1018772,Credit
1019861,Credit
1019861,WIC
1019861,WICcash
1019861,SFMNP
1019861,SNAP
1004384,Credit
1004384,WIC
1004384,WICcash
1004384,SFMNP
1012626,Credit
1012626,WIC
1012626,WICcash
1012626,SFMNP
1003680,Credit
1003680,WIC
1003680,SFMNP
1001641,Credit
1004380,Credit
1006376,Credit
1018907,Credit
1018343,Credit
1018343,WIC
1018343,SFMNP
1020106,Credit
1020106,WIC
1020106,SFMNP
1020106,SNAP
1020108,Credit
1020108,WIC
1020108,SFMNP
1020108,SNAP
1019263,Credit
1019263,SNAP
1018978,Credit
1018978,SNAP
1021281,Credit
1021281,WIC
1021306,Credit
1021306,WIC
1021306,SFMNP
1020192,Credit
1020192,SFMNP
1020090,Credit
1020090,SFMNP
1020090,SNAP
1002907,Credit
1002907,WIC
1002907,WICcash
1002907,SFMNP
1018242,Credit
1005270,Credit
1005270,SFMNP
1005270,SNAP
1008375,Credit
1008375,WIC
1008375,WICcash
1008375,SFMNP
1019774,Credit
1019774,WIC
1019774,SFMNP
1019774,SNAP
1005252,Credit
1005252,SFMNP
1005252,SNAP
1008118,Credit
1008118,SFMNP
1008118,SNAP
1021264,Credit
1021264,SFMNP
1021264,SNAP
1005253,Credit
1005253,SFMNP
1005253,SNAP
1005254,Credit
1005254,SFMNP
1005254,SNAP
1005255,Credit
1005255,SFMNP
1005255,SNAP
1019003,Credit
1019003,SNAP
1021369,Credit
1021369,WIC
1021743,Credit
1021743,WIC
1021743,SFMNP
1021743,SNAP
1021349,Credit
1021349,WIC
1021349,SFMNP
1021349,SNAP
1020011,Credit
1021742,Credit
1021742,WIC
1021742,SFMNP
1021742,SNAP
1021567,Credit
1021567,WIC
1021567,SFMNP
1021567,SNAP
1010636,Credit
1010636,WIC
1010636,SFMNP
1019120,Credit
1019120,SNAP
1003269,Credit
1003269,WIC
1003269,WICcash
1003269,SFMNP
1003269,SNAP
1019491,Credit
1020032,Credit
1019266,Credit
1019212,Credit
1011117,Credit
1011117,WIC
1011117,SNAP
1021332,Credit
1020075,Credit
1020075,WIC
1020075,WICcash
1020075,SFMNP
1020075,SNAP
1021633,Credit
1021244,Credit
1021244,WIC
1021244,SFMNP
1021250,Credit
1021345,Credit
1021345,WIC
1021345,WICcash
1021345,SFMNP
1021345,SNAP
1003343,Credit
1003343,WIC
1003343,WICcash
1003343,SFMNP
1003343,SNAP
1019986,Credit
1019986,WIC
1019986,WICcash
1019986,SFMNP
1019986,SNAP
1020123,Credit
1019506,Credit
1019506,WIC
1019506,SFMNP
1019649,Credit
1019649,SNAP
1019409,Credit
1019409,SNAP
1019103,Credit
1012206,Credit
1012206,WIC
1012206,SNAP
1019850,Credit
1019851,Credit
1019198,Credit
1019198,SNAP
1002021,Credit
1002021,SNAP
1002521,Credit
1002521,SFMNP
1002521,SNAP
1019427,Credit
1019427,WICcash
1019427,SFMNP
1020051,Credit
1020051,SNAP
1019035,Credit
1019035,WIC
1019035,SFMNP
1019035,SNAP
1021683,Credit
1021683,SNAP
1019852,Credit
1019852,WIC
1019852,SFMNP
1019852,SNAP
1019352,Credit
1005352,Credit
1005352,WIC
1005352,WICcash
1005352,SFMNP
1005352,SNAP
1009803,Credit
1009803,WIC
1009803,WICcash
1009803,SFMNP
1009803,SNAP
1019756,Credit
1019756,WIC
1019756,SFMNP
1021291,Credit
1021291,SNAP
1012344,Credit
1012344,WIC
1012344,SFMNP
1012344,SNAP
1019030,Credit
1019030,SNAP
1018834,Credit
1018834,WIC
1018834,SFMNP
1021324,Credit
1021324,SFMNP
1021324,SNAP
1021325,Credit
1021325,SFMNP
1021325,SNAP
1019450,Credit
1019450,WIC
1019450,WICcash
1019450,SFMNP
1019450,SNAP
1016810,Credit
1016810,WIC
1016810,SFMNP
1016810,SNAP
1018113,Credit
1018113,WIC
1018113,SFMNP
1019158,Credit
1006652,Credit
1006652,SNAP
1002768,Credit
1002768,WIC
1002768,SFMNP
1019512,Credit
1019512,SFMNP
1019512,SNAP
1010483,Credit
1016916,Credit
1016916,SNAP
1004651,Credit
1004651,WIC
1004651,WICcash
1004651,SFMNP
1019503,Credit
1019503,SNAP
1019808,Credit
1019808,WIC
1019808,WICcash
1019808,SFMNP
1019808,SNAP
1019726,Credit
1019726,WIC
1019726,SNAP
1021470,Credit
1021470,WIC
1021470,SFMNP
1021470,SNAP
1019346,Credit
1019346,SNAP
1018927,Credit
1018927,WIC
1018927,SFMNP
1021361,Credit
1021361,SNAP
1004848,Credit
1004848,WICcash
1004848,SFMNP
1004848,SNAP
1011300,Credit
1011300,WIC
1011300,SFMNP
1011300,SNAP
1020132,Credit
1020132,WIC
1020132,SFMNP
1020132,SNAP
1019304,Credit
1019304,WIC
1019304,SFMNP
1019304,SNAP
1021198,Credit
1021198,WIC
1021198,WICcash
1021198,SFMNP
1021198,SNAP
1019167,Credit
1019167,WIC
1019167,SFMNP
1019167,SNAP
1019678,Credit
1019678,WIC
1019678,SFMNP
1019678,SNAP
1019679,Credit
1019679,WIC
1019679,SFMNP
1019679,SNAP
1019631,Credit
1019207,Credit
1019207,WIC
1019207,SFMNP
1019207,SNAP
1019995,Credit
1019995,WIC
1019995,SNAP
1021390,Credit
1012027,Credit
1012027,WIC
1012027,WICcash
1012027,SFMNP
1012027,SNAP
1019538,Credit
1019538,SFMNP
1018418,Credit
1018901,Credit
1020094,Credit
1020094,WIC
1020094,SFMNP
1020094,SNAP
1019494,Credit
1019494,SNAP
1000462,Credit
1000462,SNAP
1016820,Credit
1021727,Credit
1011233,Credit
1011233,WIC
1011233,SFMNP
1018922,Credit
1018922,WIC
1018922,WICcash
1018922,SFMNP
1011800,Credit
1011800,WIC
1011800,WICcash
1011800,SFMNP
1011800,SNAP
1021257,Credit
1021257,WIC
1021257,SFMNP
1021257,SNAP
1019177,Credit
1019177,SNAP
1019176,Credit
1019940,Credit
1019940,SNAP
1019435,Credit
1011538,Credit
1011538,SNAP
1000481,Credit
1000481,WIC
1000481,SFMNP
1012249,Credit
1005201,Credit
1005201,WIC
1005201,WICcash
1021339,Credit
1021339,WIC
1021339,WICcash
1021339,SFMNP
1021339,SNAP
1019360,Credit
1019360,SNAP
1021197,Credit
1021197,WIC
1018407,Credit
1018407,SFMNP
1005528,Credit
1005528,WIC
1005528,SFMNP
1005528,SNAP
1006837,Credit
1006837,WIC
1006837,WICcash
1006837,SFMNP
1006837,SNAP
1011119,Credit
1011119,SFMNP
1011119,SNAP
1019706,Credit
1019706,WIC
1019706,SFMNP
1021624,Credit
1019752,Credit
1019501,Credit
1019501,WIC
1019501,SFMNP
1005256,Credit
1005256,SFMNP
1005256,SNAP
1019969,Credit
1019969,WICcash
1019969,SFMNP
1019969,SNAP
1003980,Credit
1003980,WIC
1003980,SFMNP
1003980,SNAP
1018217,Credit
1018217,WIC
1018217,SFMNP
1018217,SNAP
1018998,Credit
1018998,WIC
1018998,SFMNP
1005257,Credit
1005257,SFMNP
1005257,SNAP
1019111,Credit
1010286,Credit
1010286,WICcash
1010286,SFMNP
1018310,Credit
1018310,WIC
1018310,WICcash
1018310,SFMNP
1005218,Credit
1005218,WIC
1005218,SFMNP
1005218,SNAP
1016799,Credit
1016799,WIC
1016799,WICcash
1016799,SFMNP
1016799,SNAP
1003238,Credit
1021358,Credit
1021358,WIC
1021358,SFMNP
1021358,SNAP
1021713,Credit
1021713,WIC
1021713,SFMNP
1019058,Credit
1019058,WIC
1019058,SNAP
1019482,Credit
1019482,WIC
1019482,WICcash
1019482,SFMNP
1012031,Credit
1012031,WIC
1012031,WICcash
1012031,SFMNP
1012031,SNAP
1000242,Credit
1000242,SFMNP
1019022,Credit
1019022,WICcash
1019022,SNAP
1000616,Credit
1000616,SFMNP
1019185,Credit
1019185,SNAP
1019866,Credit
1019806,Credit
1019806,WIC
1019806,WICcash
1019806,SFMNP
1019806,SNAP
1011972,Credit
1011972,WIC
1011972,WICcash
1011972,SFMNP
1011972,SNAP
1021341,Credit
1021341,SNAP
1019189,Credit
1019189,WIC
1019189,SNAP
1019924,Credit
1019924,SFMNP
1019843,Credit
1019843,SFMNP
1019843,SNAP
1020190,Credit
1002929,Credit
1002929,WIC
1002929,WICcash
1002929,SFMNP
1002929,SNAP
1019659,Credit
1018976,Credit
1018976,SNAP
1011139,Credit
1019902,Credit
1019902,WICcash
1019902,SFMNP
1001281,Credit
1005642,Credit
1005642,WIC
1005642,WICcash
1005642,SFMNP
1005642,SNAP
1003199,Credit
1019300,Credit
1019968,Credit
1019968,WICcash
1019968,SFMNP
1019487,Credit
1019487,SNAP
1020134,Credit
1020134,WIC
1020134,WICcash
1020134,SFMNP
1020134,SNAP
1019490,Credit
1020081,Credit
1020081,WIC
1019634,Credit
1019634,WIC
1019634,SFMNP
1019634,SNAP
1021314,Credit
1021314,WIC
1021314,SFMNP
1018908,Credit
1018908,SFMNP
1018908,SNAP
1019759,Credit
1019759,WIC
1019759,SFMNP
1021209,Credit
1021209,WIC
1021209,SNAP
1020199,Credit
1020199,WIC
1020199,SFMNP
1020199,SNAP
1002905,Credit
1019816,Credit
1019816,WIC
1019816,SFMNP
1019816,SNAP
1021357,Credit
1021357,WIC
1021357,SFMNP
1021357,SNAP
1018093,Credit
1019464,Credit
1021458,Credit
1021458,WIC
1021458,WICcash
1021458,SFMNP
1019137,Credit
1019137,WICcash
1019137,SFMNP
1000021,Credit
1011076,Credit
1011076,WIC
1011076,SFMNP
1011076,SNAP
1020087,Credit
1019683,Credit
1019777,Credit
1019777,WIC
1019777,SFMNP
1019777,SNAP
1006681,Credit
1006681,WIC
1006681,SFMNP
1009658,Credit
1009658,SFMNP
1009658,SNAP
1020034,Credit
1020035,Credit
1020035,WIC
1020035,SFMNP
1020038,Credit
1020038,WIC
1020038,SFMNP
1010485,Credit
1018486,Credit
1018486,WIC
1021454,Credit
1021454,SNAP
1019239,Credit
1019716,Credit
1019716,WIC
1019716,WICcash
1019716,SFMNP
1019716,SNAP
1006069,Credit
1020195,Credit
1020195,WIC
1020195,SFMNP
1020195,SNAP
1016862,Credit
1016862,SFMNP
1016862,SNAP
1021493,Credit
1021493,WICcash
1021493,SFMNP
1021493,SNAP
1010037,Credit
1010037,WIC
1010037,WICcash
1010037,SFMNP
1010037,SNAP
1001104,Credit
1001104,SFMNP
1006547,Credit
1006547,WIC
1006547,SFMNP
1006547,SNAP
1012314,Credit
1012314,WIC
1012314,SNAP
1019844,Credit
1019844,WIC
1019844,SFMNP
1019844,SNAP
1004297,Credit
1004297,WIC
1004297,SFMNP
1020085,Credit
1020085,WIC
1020085,SFMNP
1020085,SNAP
1021377,Credit
1011901,Credit
1011901,WIC
1011901,WICcash
1011901,SFMNP
1011901,SNAP
1019507,Credit
1019507,SNAP
1021430,Credit
1021430,SFMNP
1021430,SNAP
1019480,Credit
1019480,WIC
1019480,SFMNP
1019480,SNAP
1018573,Credit
1018573,SFMNP
1018314,Credit
1018314,WIC
1018314,SFMNP
1018314,SNAP
1018317,Credit
1018317,WIC
1018317,SFMNP
1021252,Credit
1012560,Credit
1012560,WICcash
1012560,SFMNP
1012560,SNAP
1021656,Credit
1021656,SNAP
1021467,Credit
1021467,SNAP
1020162,Credit
1020162,WIC
1020162,SFMNP
1005559,Credit
1005559,WIC
1005499,Credit
1018991,Credit
1018991,WIC
1018991,WICcash
1018991,SFMNP
1018991,SNAP
1004717,Credit
1004717,SFMNP
1004717,SNAP
1018995,Credit
1018995,WIC
1018995,WICcash
1018995,SFMNP
1018995,SNAP
1000585,Credit
1000585,WIC
1000585,SFMNP
1000585,SNAP
1021307,Credit
1021307,WIC
1021307,SFMNP
1021288,Credit
1021288,WIC
1021288,SFMNP
1021288,SNAP
1021287,Credit
1021287,WIC
1021287,SFMNP
1021287,SNAP
1021571,Credit
1010316,Credit
1010316,SNAP
1012725,Credit
1012725,WIC
1012725,WICcash
1012725,SFMNP
1018931,Credit
1018931,WIC
1018931,SFMNP
1018931,SNAP
1019857,Credit
1019857,WIC
1019857,WICcash
1019857,SFMNP
1018903,Credit
1019682,Credit
1011535,Credit
1011535,WIC
1011535,SFMNP
1011535,SNAP
1020055,Credit
1003081,Credit
1003081,WIC
1003081,SFMNP
1003081,SNAP
1020017,Credit
1020017,WIC
1020017,SNAP
1021715,Credit
1021642,Credit
1021642,SNAP
1018702,Credit
1018702,WIC
1018702,WICcash
1018702,SFMNP
1019737,Credit
1019737,SFMNP
1019737,SNAP
1021634,Credit
1019908,Credit
1019908,WIC
1019908,WICcash
1019908,SFMNP
1019908,SNAP
1019725,Credit
1019725,WIC
1019725,SFMNP
1019725,SNAP
1012739,Credit
1012739,WIC
1012739,SFMNP
1012739,SNAP
1012738,Credit
1012738,WIC
1012738,SFMNP
1012738,SNAP
1019348,Credit
1019348,WIC
1019348,SFMNP
1019348,SNAP
1012737,Credit
1012737,WIC
1012737,SFMNP
1012737,SNAP
1021478,Credit
1021478,WICcash
1021478,SFMNP
1021601,Credit
1021601,WIC
1021601,SFMNP
1021601,SNAP
1019227,Credit
1019227,WIC
1021632,Credit
1020043,Credit
1020043,WIC
1020043,SNAP
1005939,Credit
1005939,WIC
1005939,WICcash
1005939,SFMNP
1005939,SNAP
1005991,Credit
1005991,SNAP
1021336,Credit
1021336,WIC
1021336,SFMNP
1021549,Credit
1021549,WIC
1021549,WICcash
1021549,SFMNP
1021549,SNAP
1021708,Credit
1012044,Credit
1019240,Credit
1019240,WIC
1019240,WICcash
1019240,SNAP
1019294,Credit
1019294,SFMNP
1010614,Credit
1021279,Credit
1021279,WIC
1021279,WICcash
1021279,SFMNP
1020066,Credit
1020066,WIC
1020066,WICcash
1020066,SFMNP
1020066,SNAP
1021518,Credit
1021243,Credit
1021243,WIC
1021243,SFMNP
1021434,Credit
1021434,WIC
1021434,SFMNP
1018875,Credit
1018875,WIC
1018875,SNAP
1021344,Credit
1021344,WICcash
1021344,SFMNP
1021344,SNAP
1018184,Credit
1018184,WIC
1018184,WICcash
1018184,SFMNP
1018184,SNAP
1018550,Credit
1018550,WIC
1018550,SFMNP
1018550,SNAP
1001059,Credit
1001059,WIC
1001059,WICcash
1001059,SNAP
1004865,Credit
1004865,SNAP
1009884,Credit
1009884,WIC
1009884,WICcash
1009884,SFMNP
1009884,SNAP
1018455,Credit
1018455,WIC
1018455,SFMNP
1019640,Credit
1019640,WICcash
1019640,SFMNP
1019640,SNAP
1003694,Credit
1003694,WIC
1003694,WICcash
1003694,SFMNP
1003694,SNAP
1006780,Credit
1006780,SFMNP
1006780,SNAP
1010755,Credit
1010755,WIC
1010755,WICcash
1010755,SFMNP
1010755,SNAP
1002764,Credit
1002764,WIC
1002764,SFMNP
1018728,Credit
1018728,WIC
1018728,WICcash
1018728,SFMNP
1018728,SNAP
1019815,Credit
1019815,WIC
1019815,SFMNP
1019815,SNAP
1021379,Credit
1021379,WIC
1021379,WICcash
1021379,SFMNP
1021379,SNAP
1021554,Credit
1019008,Credit
1019008,WIC
1019008,SFMNP
1019008,SNAP
1019345,Credit
1019345,SNAP
1020054,Credit
1020054,WIC
1019127,Credit
1019127,WIC
1019127,WICcash
1019127,SFMNP
1019127,SNAP
1019828,Credit
1019828,WIC
1019828,WICcash
1019828,SFMNP
1019828,SNAP
1021566,Credit
1021566,SNAP
1019488,Credit
1018829,Credit
1018829,WIC
1018829,SFMNP
1018829,SNAP
1019223,Credit
1019223,WIC
1019223,WICcash
1019223,SNAP
1019353,Credit
1001839,Credit
1019200,Credit
1021412,Credit
1021412,WIC
1021412,SFMNP
1021412,SNAP
1021413,Credit
1021413,WIC
1021413,SFMNP
1021413,SNAP
1021356,Credit
1021356,WIC
1021356,SFMNP
1021356,SNAP
1020130,Credit
1020130,WIC
1020130,SFMNP
1020130,SNAP
1020131,Credit
1020131,WIC
1020131,SFMNP
1020131,SNAP
1020146,Credit
1020146,WIC
1020146,WICcash
1020146,SFMNP
1020146,SNAP
1010865,Credit
1021667,Credit
1019646,Credit
1019646,WIC
1019646,SFMNP
1019646,SNAP
1018655,Credit
1018655,WIC
1018655,SFMNP
1018655,SNAP
1019343,Credit
1019343,WIC
1019343,SFMNP
1019343,SNAP
1021685,Credit
1021685,SFMNP
1021685,SNAP
1001034,Credit
1001034,WIC
1001034,SFMNP
1001034,SNAP
1019317,Credit
1019317,WIC
1019317,SFMNP
1019317,SNAP
1021608,Credit
1018807,Credit
1018807,WIC
1018807,WICcash
1018807,SNAP
1020114,Credit
1020114,WIC
1020114,SNAP
1018920,Credit
1018920,SNAP
1019202,Credit
1019202,WIC
1019202,WICcash
1019202,SFMNP
1020198,Credit
1020198,WIC
1020198,SFMNP
1020198,SNAP
1008360,Credit
1019416,Credit
1019019,Credit
1019019,WICcash
1019019,SNAP
1019023,Credit
1019023,WICcash
1019023,SNAP
1019025,Credit
1019025,WICcash
1019025,SNAP
1021699,Credit
1021215,Credit
1020023,Credit
1020023,WICcash
1020023,SFMNP
1020023,SNAP
1021384,Credit
1021384,WICcash
1021384,SFMNP
1004212,Credit
1021335,Credit
1021335,WIC
1021335,SFMNP
1021335,SNAP
1012777,Credit
1012777,SFMNP
1008946,Credit
1008946,WIC
1008946,WICcash
1008946,SFMNP
1008946,SNAP
1021721,Credit
1021721,WIC
1021721,WICcash
1021721,SFMNP
1021722,Credit
1021722,WIC
1021722,WICcash
1021722,SFMNP
1021599,Credit
1021200,Credit
1021200,WIC
1021200,WICcash
1021200,SFMNP
1021200,SNAP
1019723,Credit
1021648,Credit
1019102,Credit
1019102,WICcash
1019102,SFMNP
1019102,SNAP
1005248,Credit
1005248,SFMNP
1005248,SNAP
1018687,Credit
1018687,SNAP
1011995,Credit
1011995,SNAP
1021491,Credit
1021491,SFMNP
1021491,SNAP
1019755,Credit
1019755,WIC
1019755,SFMNP
1019755,SNAP
1019761,Credit
1019761,WIC
1019761,WICcash
1019761,SFMNP
1019761,SNAP
1019939,Credit
1019939,SFMNP
1019939,SNAP
1019674,Credit
1019910,Credit
1019910,WIC
1019910,WICcash
1019910,SFMNP
1019910,SNAP
1018944,Credit
1018944,WICcash
1018944,SFMNP
1018944,SNAP
1021735,Credit
1021735,WIC
1021735,WICcash
1021735,SNAP
1019068,Credit
1019068,WICcash
1019068,SNAP
1021718,Credit
1020175,Credit
1020175,WIC
1020175,SFMNP
1019685,Credit
1018466,Credit
1018466,SNAP
1019454,Credit
1020072,Credit
1020072,WIC
1020072,SFMNP
1021688,Credit
1019854,Credit
1021746,Credit
1019822,Credit
1019822,SFMNP
1018626,Credit
1018626,WIC
1018626,WICcash
1018626,SFMNP
1018626,SNAP
1018627,Credit
1018627,WIC
1018627,WICcash
1018627,SFMNP
1018627,SNAP
1012060,Credit
1010839,Credit
1010839,WIC
1010839,WICcash
1010839,SFMNP
1010839,SNAP
1019128,Credit
1001260,Credit
1020126,Credit
1020126,WIC
1020126,WICcash
1020126,SFMNP
1020126,SNAP
1002060,Credit
1002060,WICcash
1002060,SFMNP
1002060,SNAP
1020177,Credit
1020177,SFMNP
1020177,SNAP
1021494,Credit
1021494,WICcash
1021494,SFMNP
1021494,SNAP
1007245,Credit
1007245,WIC
1007245,SFMNP
1007245,SNAP
1010408,Credit
1010408,WIC
1021731,Credit
1021731,SNAP
1020165,Credit
1020165,WIC
1020165,WICcash
1020165,SFMNP
1020165,SNAP
1021380,Credit
1010638,Credit
1016803,Credit
1016803,WIC
1016803,SFMNP
1016803,SNAP
1021641,Credit
1021641,SFMNP
1021641,SNAP
1018921,Credit
1018921,WICcash
1018921,SFMNP
1018921,SNAP
1020005,Credit
1020005,SNAP
1021572,Credit
1021572,WIC
1021572,SFMNP
1021572,SNAP
1019328,Credit
1019328,WIC
1019328,SFMNP
1012268,Credit
1012268,SNAP
1019344,Credit
1019344,SNAP
1019478,Credit
1019478,SNAP
1019616,Credit
1019616,WICcash
1019616,SFMNP
1019615,Credit
1019615,WICcash
1019615,SFMNP
1020019,Credit
1020019,WIC
1020019,WICcash
1020019,SNAP
1008213,Credit
1008213,WICcash
1008213,SFMNP
1021455,Credit
1021455,WIC
1021455,WICcash
1021455,SFMNP
1021455,SNAP
1004602,Credit
1004602,WICcash
1004602,SFMNP
1004602,SNAP
1011146,Credit
1005259,Credit
1005259,SFMNP
1005259,SNAP
1021485,Credit
1021485,SNAP
1021462,Credit
1019027,Credit
1019027,SNAP
1018986,Credit
1018986,WIC
1018986,SFMNP
1018986,SNAP
1020037,Credit
1020037,WIC
1020037,SFMNP
1020037,SNAP
1018474,Credit
1018474,WIC
1018474,WICcash
1018474,SFMNP
1018474,SNAP
1018477,Credit
1018477,WIC
1018477,WICcash
1018477,SFMNP
1018477,SNAP
1018478,Credit
1018478,WIC
1018478,WICcash
1018478,SFMNP
1018478,SNAP
1018482,Credit
1018482,WIC
1018482,WICcash
1018482,SFMNP
1018482,SNAP
1018483,Credit
1018483,WIC
1018483,WICcash
1018483,SFMNP
1018483,SNAP
1019807,Credit
1019807,WIC
1019807,WICcash
1019807,SFMNP
1019807,SNAP
1021263,Credit
1021263,WIC
1021263,SFMNP
1021263,SNAP
1021501,Credit
1021501,SFMNP
1019149,Credit
1019793,Credit
1019793,SNAP
1020086,Credit
1018215,Credit
1018215,WIC
1018215,SFMNP
1021617,Credit
1021617,WIC
1021617,SFMNP
1021617,SNAP
1019868,Credit
1021266,Credit
1021266,WIC
1021266,WICcash
1021266,SFMNP
1021266,SNAP
1011596,Credit
1011596,WIC
1011596,WICcash
1011596,SFMNP
1011596,SNAP
1021618,Credit
1021618,SNAP
1019477,Credit
1019477,SFMNP
1019477,SNAP
1010145,Credit
1010145,WIC
1010145,SFMNP
1010145,SNAP
1005260,Credit
1005260,SFMNP
1005260,SNAP
1019122,Credit
1019122,WIC
1019122,SFMNP
1019122,SNAP
1019315,Credit
1019315,WIC
1019315,WICcash
1019315,SFMNP
1019315,SNAP
1021579,Credit
1021579,WIC
1021579,SFMNP
1021579,SNAP
1011310,Credit
1011310,SFMNP
1011310,SNAP
1019204,Credit
1020093,Credit
1019500,Credit
1019500,SFMNP
1019500,SNAP
1001766,Credit
1001766,WIC
1001766,WICcash
1001766,SFMNP
1020024,Credit
1020024,WIC
1020024,SFMNP
1020024,SNAP
1021277,Credit
1021277,WIC
1021277,WICcash
1021277,SFMNP
1021277,SNAP
1003610,Credit
1003610,WIC
1003610,SFMNP
1003610,SNAP
1019410,Credit
1019410,SNAP
1019411,Credit
1019411,SNAP
1004750,Credit
1004750,WIC
1004750,WICcash
1004750,SFMNP
1004750,SNAP
1004751,Credit
1004751,WIC
1004751,WICcash
1004751,SFMNP
1004751,SNAP
1000712,Credit
1019235,Credit
1019235,WIC
1019235,WICcash
1019235,SNAP
1021615,Credit
1009020,Credit
1019493,Credit
1019493,SNAP
1002843,Credit
1002843,SNAP
1018549,Credit
1018549,WIC
1018549,SFMNP
1018549,SNAP
1021272,Credit
1021272,SNAP
1019930,Credit
1005060,Credit
1021312,Credit
1021312,WIC
1021312,SFMNP
1021302,Credit
1021302,WIC
1021302,SFMNP
1019419,Credit
1019419,SNAP
1019312,Credit
1019312,SNAP
1004073,Credit
1004073,WIC
1004073,WICcash
1004073,SFMNP
1004073,SNAP
1019418,Credit
1018284,Credit
1018284,WIC
1018284,SNAP
1021409,Credit
1021409,WIC
1000194,Credit
1019259,Credit
1019259,WIC
1019259,SFMNP
1019259,SNAP
1019927,Credit
1019927,WIC
1019927,WICcash
1019927,SFMNP
1019927,SNAP
1019635,Credit
1019635,WIC
1019635,SFMNP
1019070,Credit
1019899,Credit
1020173,Credit
1020173,SNAP
1019033,Credit
1019033,SNAP
1012576,Credit
1012576,WIC
1012576,SFMNP
1012576,SNAP
1021623,Credit
1021623,SFMNP
1021623,SNAP
1021606,Credit
1021606,WIC
1021606,SFMNP
1021606,SNAP
1019048,Credit
1011286,Credit
1019747,Credit
1019747,SFMNP
1003969,Credit
1003969,WIC
1003969,WICcash
1003969,SFMNP
1003969,SNAP
1003970,Credit
1003970,WIC
1003970,WICcash
1003970,SFMNP
1003970,SNAP
1003971,Credit
1003971,WIC
1003971,WICcash
1003971,SFMNP
1003971,SNAP
1018637,Credit
1018637,WIC
1018637,WICcash
1018637,SFMNP
1018637,SNAP
1011778,Credit
1019479,Credit
1019479,SFMNP
1019479,SNAP
1018349,Credit
1018349,WIC
1018349,SFMNP
1018349,SNAP
1019973,Credit
1019973,SNAP
1010821,Credit
1010821,WIC
1010821,SNAP
1019194,Credit
1019194,WIC
1019194,SNAP
1019791,Credit
1019791,WICcash
1019791,SFMNP
1021535,Credit
1021535,WIC
1021535,SNAP
1021218,Credit
1021218,WIC
1021218,SNAP
1005261,Credit
1005261,SFMNP
1005261,SNAP
1021451,Credit
1021451,WIC
1003915,Credit
1003915,WIC
1003915,SFMNP
1003915,SNAP
1019620,Credit
1019620,SNAP
1021646,Credit
1021646,WIC
1021646,WICcash
1021646,SFMNP
1021646,SNAP
1021503,Credit
1018975,Credit
1018975,SFMNP
1018975,SNAP
1019715,Credit
1019825,Credit
1019734,Credit
1002062,Credit
1002062,SFMNP
1002062,SNAP
1005214,Credit
1005214,SNAP
1021613,Credit
1021613,WIC
1021613,SFMNP
1021613,SNAP
1019211,Credit
1019211,SNAP
1021546,Credit
1004988,Credit
1004988,WIC
1004988,SFMNP
1004988,SNAP
1004990,Credit
1004990,SNAP
1021724,Credit
1021724,SNAP
1002485,Credit
1002485,WIC
1002485,SFMNP
1002485,SNAP
1019428,Credit
1005262,Credit
1005262,SFMNP
1005262,SNAP
1021468,Credit
1021468,WIC
1021468,SFMNP
1021468,SNAP
1009080,Credit
1009080,WIC
1009080,SFMNP
1018449,Credit
1018449,WIC
1018449,WICcash
1018449,SNAP
1019913,Credit
1019913,SNAP
1020185,Credit
1020185,WIC
1021645,Credit
1021645,WIC
1021645,WICcash
1021645,SFMNP
1021645,SNAP
1018625,Credit
1018625,WIC
1018625,WICcash
1018625,SFMNP
1018625,SNAP
1018315,Credit
1018315,SNAP
1011160,Credit
1011160,WIC
1011160,SFMNP
1007261,Credit
1007261,WIC
1007261,SFMNP
1007261,SNAP
1008303,Credit
1008303,WIC
1008303,WICcash
1008303,SFMNP
1008303,SNAP
1012203,Credit
1012203,WIC
1012203,SNAP
1021577,Credit
1021577,WIC
1021577,WICcash
1021577,SFMNP
1021577,SNAP
1007250,Credit
1007250,WIC
1007250,SNAP
1021558,Credit
1021707,Credit
1021707,WIC
1021707,SFMNP
1019627,Credit
1019627,WIC
1019627,SFMNP
1020088,Credit
1020088,WIC
1020088,SFMNP
1019515,Credit
1019515,WIC
1019515,WICcash
1019515,SFMNP
1019445,Credit
1019445,WIC
1019445,SFMNP
1019445,SNAP
1018167,Credit
1018167,SNAP
1018172,Credit
1018172,SNAP
1019237,Credit
1021693,Credit
1021693,SFMNP
1021664,Credit
1021664,WIC
1021664,WICcash
1021664,SFMNP
1021664,SNAP
1021233,Credit
1021233,SNAP
1019610,Credit
1019442,Credit
1019442,WIC
1019442,SFMNP
1019442,SNAP
1019395,Credit
1021700,Credit
1021700,SFMNP
1021700,SNAP
1010838,Credit
1019455,Credit
1019455,WIC
1019455,SFMNP
1019455,SNAP
1021429,Credit
1021429,SFMNP
1021429,SNAP
1001280,Credit
1001280,WIC
1001280,WICcash
1001280,SFMNP
1001280,SNAP
1019976,Credit
1019976,WIC
1019976,SFMNP
1019976,SNAP
1020103,Credit
1018988,Credit
1018988,WIC
1018988,SNAP
1019319,Credit
1019319,WIC
1019319,SFMNP
1019319,SNAP
1012179,Credit
1012179,WICcash
1012179,SFMNP
1012179,SNAP
1020004,Credit
1020004,SFMNP
1020004,SNAP
1021397,Credit
1021397,WIC
1021397,WICcash
1021397,SFMNP
1021397,SNAP
1018771,Credit
1018771,WIC
1018771,SFMNP
1018771,SNAP
1011044,Credit
1011044,WIC
1011044,SNAP
1016822,Credit
1018601,Credit
1018601,SFMNP
1011811,Credit
1011811,WIC
1011811,SFMNP
1011811,SNAP
1010560,Credit
1010560,WIC
1010560,SFMNP
1003169,Credit
1003169,WIC
1003169,WICcash
1003169,SNAP
1018814,Credit
1020163,Credit
1020163,WIC
1020163,SFMNP
1010014,Credit
1020022,Credit
1020022,WIC
1020022,WICcash
1020022,SNAP
1019926,Credit
1019926,WICcash
1019926,SFMNP
1019926,SNAP
1020159,Credit
1020159,WIC
1020159,WICcash
1020159,SFMNP
1020159,SNAP
1003836,Credit
1019829,Credit
1019829,WIC
1019829,SFMNP
1019829,SNAP
1019671,Credit
1019671,WICcash
1020039,Credit
1020039,WIC
1020039,SFMNP
1020039,SNAP
1020040,Credit
1020040,WIC
1020040,SFMNP
1020040,SNAP
1011934,Credit
1011934,WIC
1011934,SFMNP
1011934,SNAP
1011935,Credit
1011935,WIC
1011935,SFMNP
1011935,SNAP
1019803,Credit
1019803,SNAP
1020067,Credit
1020067,WIC
1020067,WICcash
1020067,SFMNP
1020067,SNAP
1021697,Credit
1019385,Credit
1018138,Credit
1018138,WIC
1018138,WICcash
1018138,SFMNP
1018138,SNAP
1021214,Credit
1021214,SNAP
1019599,Credit
1002526,Credit
1019915,Credit
1019915,WIC
1019915,WICcash
1019915,SFMNP
1021573,Credit
1021573,WIC
1021573,SFMNP
1021573,SNAP
1019511,Credit
1010997,Credit
1010997,SNAP
1010445,Credit
1010445,WIC
1010445,WICcash
1010445,SFMNP
1021553,Credit
1021553,WIC
1021553,WICcash
1021553,SFMNP
1021553,SNAP
1019091,Credit
1019091,SFMNP
1019091,SNAP
1018098,Credit
1018098,SNAP
1021563,Credit
1021563,WIC
1021563,SFMNP
1021563,SNAP
1021589,Credit
1021589,WIC
1021589,SFMNP
1021589,SNAP
1002063,Credit
1002063,WIC
1002063,WICcash
1002063,SFMNP
1002063,SNAP
1019979,Credit
1019979,WIC
1019979,WICcash
1019979,SFMNP
1021326,Credit
1021326,SNAP
1005560,Credit
1005560,SFMNP
1005560,SNAP
1019305,Credit
1019305,WIC
1019305,SFMNP
1019305,SNAP
1018952,Credit
1018952,SNAP
1021568,Credit
1021568,WIC
1021568,SFMNP
1021568,SNAP
1019173,Credit
1019173,WIC
1019173,SFMNP
1019784,Credit
1019784,SNAP
1019452,Credit
1019452,SNAP
1019782,Credit
1019782,SNAP
1021394,Credit
1021394,WIC
1021394,SFMNP
1021394,SNAP
1003588,Credit
1003588,SFMNP
1003588,SNAP
1021670,Credit
1018312,Credit
1018312,WIC
1018312,SFMNP
1018312,SNAP
1021466,Credit
1021466,WIC
1021466,SFMNP
1021466,SNAP
1019628,Credit
1020176,Credit
1019675,Credit
1019675,WIC
1019675,SFMNP
1019675,SNAP
1007810,Credit
1012278,Credit
1012278,SNAP
1021483,Credit
1012766,Credit
1012766,WIC
1012766,SFMNP
1018211,Credit
1018211,WIC
1018211,SNAP
1021526,Credit
1012100,Credit
1012100,WIC
1012100,WICcash
1012100,SFMNP
1012100,SNAP
1018918,Credit
1018918,WIC
1018918,SFMNP
1021333,Credit
1021333,SFMNP
1021333,SNAP
1010057,Credit
1019526,Credit
1019526,SNAP
1018451,Credit
1012116,Credit
1019545,Credit
1019545,WIC
1019545,WICcash
1019545,SFMNP
1019545,SNAP
1019036,Credit
1019036,WIC
1019036,SFMNP
1007271,Credit
1007271,WIC
1007271,WICcash
1007271,SFMNP
1020186,Credit
1020186,WIC
1020186,SNAP
1009707,Credit
1009707,WIC
1009707,WICcash
1009707,SFMNP
1009707,SNAP
1008173,Credit
1008173,SNAP
1020149,Credit
1020149,WIC
1020149,SFMNP
1020149,SNAP
1019481,Credit
1019481,WIC
1019481,SNAP
1021643,Credit
1021643,WIC
1021643,WICcash
1021643,SNAP
1021644,Credit
1021644,WIC
1021644,WICcash
1021644,SNAP
1002765,Credit
1002765,WIC
1002765,SFMNP
1019981,Credit
1021313,Credit
1021313,WIC
1021313,SFMNP
1018923,Credit
1018923,SNAP
1019015,Credit
1019015,WIC
1020036,Credit
1020036,WICcash
1020036,SFMNP
1020036,SNAP
1018476,Credit
1018476,WIC
1018476,SFMNP
1018476,SNAP
1020073,Credit
1011738,Credit
1011738,WIC
1011738,SFMNP
1011738,SNAP
1019138,Credit
1019138,SNAP
1003982,Credit
1003982,WIC
1003982,SNAP
1020147,Credit
1020147,WIC
1020147,WICcash
1020147,SFMNP
1020147,SNAP
1019075,Credit
1019075,WICcash
1019075,SNAP
1021694,Credit
1021694,WIC
1021694,WICcash
1021694,SFMNP
1021694,SNAP
1018994,Credit
1018994,WIC
1018994,WICcash
1018994,SFMNP
1018994,SNAP
1010998,Credit
1010998,WIC
1010998,WICcash
1010998,SFMNP
1018279,Credit
1018279,WIC
1018279,SFMNP
1018279,SNAP
1021235,Credit
1021204,Credit
1020049,Credit
1020049,SFMNP
1019047,Credit
1019933,Credit
1019933,WIC
1021203,Credit
1019596,Credit
1019596,WIC
1019596,WICcash
1019596,SFMNP
1019596,SNAP
1018959,Credit
1018959,SFMNP
1018959,SNAP
1021254,Credit
1021254,SNAP
1019181,Credit
1019303,Credit
1019544,Credit
1019775,Credit
1019775,SFMNP
1019931,Credit
1019166,Credit
1019166,WICcash
1019166,SNAP
1019751,Credit
1021304,Credit
1021304,WIC
1021304,SFMNP
1019700,Credit
1019700,SNAP
1019699,Credit
1019699,SNAP
1019698,Credit
1019698,SNAP
1021276,Credit
1012357,Credit
1021659,Credit
1021659,WIC
1021659,SFMNP
1021659,SNAP
1019504,Credit
1019966,Credit
1019966,SNAP
1018422,Credit
1018422,SFMNP
1021702,Credit
1011497,Credit
1019517,Credit
1019517,WIC
1019517,SFMNP
1002101,Credit
1002101,WIC
1002101,WICcash
1002101,SFMNP
1002101,SNAP
1019739,Credit
1019826,Credit
1019826,WIC
1019826,WICcash
1019826,SFMNP
1019826,SNAP
1019975,Credit
1019975,SNAP
1018628,Credit
1018628,WIC
1018628,WICcash
1018628,SFMNP
1018628,SNAP
1018624,Credit
1018624,WIC
1018624,WICcash
1018624,SFMNP
1018624,SNAP
1021499,Credit
1021499,SNAP
1000278,Credit
1020015,Credit
1020015,SNAP
1010798,Credit
1010798,WICcash
1010798,SFMNP
1010798,SNAP
1012799,Credit
1021586,Credit
1021586,SNAP
1008826,Credit
1008826,WIC
1008826,WICcash
1008826,SFMNP
1008826,SNAP
1008827,Credit
1008827,WIC
1008827,WICcash
1008827,SFMNP
1008827,SNAP
1019228,Credit
1021562,Credit
1021562,WIC
1021562,WICcash
1021562,SFMNP
1021562,SNAP
1019963,Credit
1021490,Credit
1021490,WIC
1021490,WICcash
1021490,SFMNP
1021490,SNAP
1019393,Credit
1019213,Credit
1019213,SFMNP
1019213,SNAP
1006324,Credit
1006324,WIC
1006324,SFMNP
1006324,SNAP
1021745,Credit
1021745,SNAP
1019638,Credit
1021343,Credit
1021343,SNAP
1018933,Credit
1018933,SNAP
1020002,Credit
1020002,WIC
1020002,WICcash
1020002,SFMNP
1020002,SNAP
1019632,Credit
1019632,WIC
1019632,SFMNP
1018397,Credit
1018397,WIC
1018397,SFMNP
1018397,SNAP
1021576,Credit
1021576,WIC
1021576,WICcash
1021576,SFMNP
1021576,SNAP
1018283,Credit
1019349,Credit
1019349,WIC
1019349,WICcash
1019349,SFMNP
1019349,SNAP
1012573,Credit
1012573,WIC
1012573,WICcash
1012573,SFMNP
1012573,SNAP
1005493,Credit
1006169,Credit
1006169,WIC
1006169,SFMNP
1018968,Credit
1018968,WIC
1018968,SFMNP
1018968,SNAP
1019215,Credit
1019925,Credit
1019925,SNAP
1010158,Credit
1010158,WIC
1010158,WICcash
1010158,SNAP
1019540,Credit
1019540,WICcash
1019540,SFMNP
1019540,SNAP
1018634,Credit
1018634,WIC
1018634,SFMNP
1018634,SNAP
1021305,Credit
1021305,WIC
1021305,SFMNP
1019764,Credit
1019764,WIC
1019764,SFMNP
1019764,SNAP
1021726,Credit
1021726,SNAP
1001886,Credit
1019105,Credit
1019105,WIC
1019105,SFMNP
1019105,SNAP
1019448,Credit
1019448,WIC
1019448,SFMNP
1019342,Credit
1019342,SNAP
1018852,Credit
1018852,WIC
1018852,SFMNP
1019498,Credit
1005631,Credit
1018535,Credit
1018535,SNAP
1019692,Credit
1012325,Credit
1012325,WIC
1012325,SFMNP
1012325,SNAP
1018597,Credit
1018597,SNAP
1018598,Credit
1018598,SNAP
1019078,Credit
1019078,WIC
1019078,SNAP
1019080,Credit
1019080,SNAP
1019182,Credit
1019182,SNAP
1019952,Credit
1020048,Credit
1020048,WIC
1020048,WICcash
1020048,SFMNP
1020048,SNAP
1012247,Credit
1012247,WIC
1012247,SFMNP
1012247,SNAP
1019513,Credit
1012297,Credit
1012297,SNAP
1018155,Credit
1019156,Credit
1019156,SFMNP
1019156,SNAP
1006342,Credit
1006342,WIC
1006342,SFMNP
1021297,Credit
1018214,Credit
1018214,SNAP
1021487,Credit
1021487,SNAP
1021251,Credit
1021251,SNAP
1018504,Credit
1018504,WIC
1018504,WICcash
1018504,SFMNP
1001925,Credit
1001925,SNAP
1010394,Credit
1010394,WIC
1010394,WICcash
1010394,SFMNP
1010394,SNAP
1019155,Credit
1019155,WIC
1019155,SNAP
1021537,Credit
1021537,SFMNP
1021537,SNAP
1005268,Credit
1005268,SFMNP
1005268,SNAP
1004574,Credit
1004574,SFMNP
1004574,SNAP
1005263,Credit
1005263,SFMNP
1005263,SNAP
1005269,Credit
1005269,SFMNP
1005269,SNAP
1005264,Credit
1005264,SFMNP
1005264,SNAP
1005266,Credit
1005266,SFMNP
1005266,SNAP
1019489,Credit
1021340,Credit
1021340,WIC
1021340,WICcash
1021340,SFMNP
1021340,SNAP
1020197,Credit
1020197,WIC
1020197,SFMNP
1020197,SNAP
1018219,Credit
1018219,WIC
1018219,WICcash
1018219,SFMNP
1018219,SNAP
1021366,Credit
1018552,Credit
1018552,WIC
1018552,SFMNP
1018552,SNAP
1020021,Credit
1020021,WIC
1020021,SFMNP
1020021,SNAP
1018319,Credit
1001962,Credit
1001962,WIC
1001962,SFMNP
1011229,Credit
1011229,SNAP
1019613,Credit
1019613,WIC
1004499,Credit
1004499,WIC
1004499,WICcash
1004499,SNAP
1019016,Credit
1021559,Credit
1021559,WIC
1021559,SFMNP
1012485,Credit
1012485,SFMNP
1012485,SNAP
1020047,Credit
1020047,WIC
1020047,WICcash
1020047,SFMNP
1020047,SNAP
1019124,Credit
1019124,SFMNP
1021709,Credit
1021709,WIC
1021709,SFMNP
1021709,SNAP
1021452,Credit
1021452,SNAP
1006093,Credit
1006093,WIC
1006093,SFMNP
1012212,Credit
1012212,SNAP
1019641,Credit
1019641,WIC
1019641,WICcash
1019641,SFMNP
1019641,SNAP
1019114,Credit
1019114,WIC
1019114,SFMNP
1019114,SNAP
1002890,Credit
1002890,WIC
1002890,SNAP
1002280,Credit
1002280,SFMNP
1019067,Credit
1019067,SNAP
1021569,Credit
1021569,SFMNP
1018650,Credit
1018650,SNAP
1011203,Credit
1011203,WIC
1011203,SFMNP
1011203,SNAP
1019424,Credit
1019424,WIC
1019424,WICcash
1019657,Credit
1019657,SFMNP
1002177,Credit
1002177,WIC
1002177,SFMNP
1016908,Credit
1016908,WIC
1016908,WICcash
1016908,SFMNP
1016908,SNAP
1019911,Credit
1019911,WIC
1019911,WICcash
1019911,SFMNP
1019911,SNAP
1012204,Credit
1010319,Credit
1021367,Credit
1021367,WIC
1021367,SNAP
1019364,Credit
1019364,SFMNP
1019364,SNAP
1019444,Credit
1019444,WICcash
1019444,SNAP
1021274,Credit
1021274,WIC
1021274,SFMNP
1021274,SNAP
1019797,Credit
1019797,WIC
1019797,WICcash
1019797,SFMNP
1019797,SNAP
1021246,Credit
1021246,WIC
1021246,SFMNP
1021246,SNAP
1002816,Credit
1002816,WIC
1002816,WICcash
1002816,SFMNP
1002816,SNAP
1020070,Credit
1001661,Credit
1001661,WIC
1001661,WICcash
1001661,SFMNP
1001661,SNAP
1021217,Credit
1021217,WIC
1021217,WICcash
1021217,SFMNP
1021217,SNAP
1004515,Credit
1004515,WIC
1004515,SFMNP
1004515,SNAP
1005280,Credit
1005280,WIC
1005280,WICcash
1005280,SFMNP
1005280,SNAP
1020020,Credit
1020020,WIC
1020020,WICcash
1020020,SNAP
1021258,Credit
1021258,SNAP
1020010,Credit
1021488,Credit
1019955,Credit
1019955,WIC
1019955,WICcash
1019955,SFMNP
1019392,Credit
1019392,SNAP
1020157,Credit
1020157,WICcash
1020157,SFMNP
1020157,SNAP
1020156,Credit
1020156,WICcash
1020156,SFMNP
1020156,SNAP
1019221,Credit
1019221,SNAP
1021495,Credit
1021495,WICcash
1021495,SFMNP
1021495,SNAP
1021497,Credit
1021497,WICcash
1021497,SFMNP
1021497,SNAP
1021498,Credit
1021498,WICcash
1021498,SFMNP
1021498,SNAP
1021496,Credit
1021496,WICcash
1021496,SFMNP
1021496,SNAP
1019069,Credit
1019069,SNAP
1018274,Credit
1018274,WIC
1018274,SNAP
1019652,Credit
1019652,SNAP
1021720,Credit
1021720,SNAP
1019337,Credit
1019337,SFMNP
1019337,SNAP
1020187,Credit
1020187,WIC
1020187,SNAP
1019433,Credit
1019433,WIC
1019433,SFMNP
1019433,SNAP
1019369,Credit
1019369,SNAP
1011274,Credit
1011274,WIC
1011274,SFMNP
1021231,Credit
1019229,Credit
1019848,Credit
1019848,SNAP
1019449,Credit
1019449,SNAP
1018925,Credit
1019463,Credit
1019463,WIC
1019463,WICcash
1019463,SFMNP
1019463,SNAP
1008231,Credit
1008231,WIC
1008231,SFMNP
1020158,Credit
1020158,WIC
1020158,SFMNP
1009027,Credit
1009027,SNAP
1019098,Credit
1019098,WIC
1019098,SNAP
1020138,Credit
1020138,WIC
1020138,SFMNP
1020168,Credit
1020168,WIC
1020168,SFMNP
1020168,SNAP
1019038,Credit
1019038,WIC
1019038,WICcash
1019038,SFMNP
1019038,SNAP
1005140,Credit
1021317,Credit
1021317,WIC
1021317,SFMNP
1021317,SNAP
1021386,Credit
1021386,WICcash
1021386,SFMNP
1021386,SNAP
1021385,Credit
1021385,WICcash
1021385,SFMNP
1021385,SNAP
1011337,Credit
1011337,SNAP
1021328,Credit
1021328,SNAP
1019912,Credit
1019912,WIC
1019912,WICcash
1019912,SFMNP
1019912,SNAP
1007309,Credit
1007309,WIC
1007309,SFMNP
1017915,Credit
1017915,SNAP
1019708,Credit
1019708,SNAP
1002366,Credit
1002366,SNAP
1019508,Credit
1019508,SNAP
1019247,Credit
1019245,Credit
1019246,Credit
1019250,Credit
1019242,Credit
1019244,Credit
1019327,Credit
1019327,WIC
1019327,SFMNP
1019327,SNAP
1016909,Credit
1016909,WIC
1016909,SNAP
1021545,Credit
1021545,SNAP
1019863,Credit
1019863,SNAP
1019792,Credit
1019792,WIC
1019792,SFMNP
1019792,SNAP
