1018261,1,06/10/2020 to 10/07/2020,Wed: 9:00 AM-1:00 PM
1009994,1,06/05/2021 to 06/05/2021,Sat: 8:00 AM-11:00 AM
1000709,1,06/06/2020,Sat: 8:30 AM-2:00 PM
1019956,1,01/01/2020 to 01/01/2020,Sat: 8:00 AM-1:00 PM
1009959,1,01/01/2018 to 05/31/2018,Thu: 11:00 AM-3:00 PMFri: 11:00 AM-3:00 PMSat: 8:00 AM-3:00 PM
1009959,2,06/01/2018 to 12/31/2018,Thu: 11:00 AM-3:00 PMFri: 11:00 AM-3:00 PMSat: 8:00 AM-3:00 PMSun: 11:00 AM-3:00 PM
1004950,1,05/12/2018 to 10/13/2018,Sat: 8:00 AM-2:00 PM
1004950,2,11/09/2018 to 11/10/2018,Fri: 4:00 PM-10:00 PMSat: 10:00 AM-3:00 PM
1021607,1,01/01/2021 to 01/01/2021,Wed: 3:00 PM-8:00 PMSun: 9:00 AM-8:00 PM
1018965,1,05/12/2018 to 12/15/2018,Sat: 9:00 AM-2:00 PM
1009004,1,01/01/2018 to 12/31/2018,Wed: 12:00 PM-6:00 PMSat: 11:00 AM-3:00 PM
1019473,1,05/26/2019 to 09/15/2019,Sun: 10:00 AM-3:00 PM
1010487,1,04/03/2021 to 04/03/2021,Tue: 3:00 PM-6:00 PMSat: 8:00 AM-1:00 PM
1010487,2,10/02/2021 to 10/02/2021,Sat: 10:00 AM-12:00 PM
1021442,1,05/08/2021 to 05/08/2021,Sat: 9:00 AM-1:00 PM
1019676,1,05/18/2019 to 10/26/2019,Sat: 8:00 AM-1:00 PM
1019351,1,05/18/2019 to 10/26/2019,Thu: 11:30 AM-3:30 PMSat: 8:00 AM-1:00 PM
1019847,1,05/21/2020 to 10/22/2020,Thu: 3:00 PM-7:00 PM
1019203,1,08/02/2018 to 08/02/2018,Thu: 9:00 AM-5:00 PM
1012233,1,05/01/2018 to 10/31/2018,Mon: 7:30 AM-5:30 PMTue: 7:30 AM-5:30 PMWed: 7:30 AM-5:30 PMThu: 7:30 AM-5:30 PMFri: 7:30 AM-5:30 PMSat: 7:00 AM-5:30 PM
1005258,1,01/01/2019 to 12/31/2019,Mon: 10:00 AM-11:00 AM
1008054,1,01/01/2020 to 12/31/2020,Sat: 8:00 AM-3:00 PMSun: 8:00 AM-3:00 PM
1008612,1,01/01/2018 to 12/31/2018,Sun: 8:30 AM-12:00 PM
1018304,1,01/01/2018 to 12/31/2018,Sun: 9:00 AM-1:00 PM
1004070,1,07/11/2020 to 10/10/2020,Sat: 8:00 AM-1:30 PM
1021689,1,04/16/2022 to 04/16/2022,Sat: 9:00 AM-1:00 PM
1021689,2,12/10/2022 to 12/10/2022,Sat: 10:00 AM-2:00 PM
1019371,1,05/05/2019 to 10/13/2019,Sun: 2:00 PM-5:00 PM
1021578,1,05/01/2021 to 05/01/2021,Thu: 4:30 PM-6:30 PM
1000519,1,05/23/2014 to 05/23/2014,Fri: 9:00 AM-3:00 PM
1021464,1,01/01/2021 to 01/01/2021,Tue: 3:00 PM-6:00 PM
1021597,1,07/11/2021 to 07/11/2021,Sun: 9:00 AM-12:00 PM
1019831,1,04/01/2021 to 04/01/2021,Thu: 5:30 PM-7:00 PM
1019832,1,04/01/2021 to 04/01/2021,Thu: 5:30 PM-7:00 PM
1012389,1,05/02/2019 to 09/26/2019,Thu: 3:00 PM-7:00 PM
1020150,1,07/04/2020 to 10/10/2020,Sun: 9:00 AM-12:00 PM
1021309,1,05/08/2021 to 05/08/2021,Sat: 9:00 AM-12:00 PM
1003563,1,05/04/2018 to 09/28/2018,Fri: 3:30 PM-7:00 PM
1019438,1,05/05/2019 to 10/27/2019,Sun: 11:00 AM-2:00 PM
1012157,1,07/19/2016 to 09/08/2020,Tue: 4:00 PM-7:00 PM
1005944,1,05/02/2020 to 10/31/2020,Sat: 9:00 AM-2:00 PM
1005944,2,11/21/2020 to 11/22/2020,Sat: 10:00 AM-4:00 PMSun: 10:00 AM-4:00 PM
1005944,3,01/11/2020 to 04/11/2020,Sat: 9:00 AM-2:00 PM
1019647,1,05/01/2019 to 05/25/2019,Sat: 10:00 AM-2:00 PM
1019647,2,06/01/2019 to 11/26/2019,Tue: 8:00 AM-1:00 PMThu: 8:00 AM-1:00 PMSat: 8:00 AM-1:00 PM
1019647,3,11/30/2019 to 12/21/2019,Sat: 10:00 AM-2:00 PM
1020084,1,05/02/2020 to 10/31/2020,Sat: 2:00 PM-5:00 PM
1003516,1,06/10/2020 to 10/21/2020,Wed: 3:00 PM-7:00 PM
1020060,1,06/19/2021 to 06/19/2021,Sat: 10:00 AM-2:00 PM
1019096,1,05/26/2018 to 10/06/2018,Sat: 8:00 AM-12:00 PM
1000431,1,06/19/2021 to 06/19/2021,Sat: 8:00 AM-12:30 PM
1000431,2,11/06/2021 to 11/06/2021,Sat: 9:00 AM-12:30 PM
1021359,1,05/19/2021 to 05/19/2021,Wed: 2:00 PM-6:00 PM
1021733,1,07/11/2022 to 07/11/2022,Mon: 2:00 PM-6:00 PM
1021732,1,05/07/2022 to 05/07/2022,Sat: 9:00 AM-12:00 PM
1019662,1,06/21/2019 to 09/06/2019,Fri: 4:00 PM-7:00 PM
1019904,1,06/11/2020 to 10/29/2020,Thu: 3:30 PM-7:00 PM
1019222,1,05/05/2018 to 10/20/2018,Sat: 8:00 AM-12:00 PM
1019495,1,01/01/2019 to 12/31/2019,Fri: 6:00 PM-9:00 PM
1020068,1,01/01/2020 to 12/31/2020,Thu: 12:00 PM-5:00 PMFri: 12:00 PM-5:00 PMSat: 12:00 PM-5:00 PM
1009810,1,06/12/2021 to 06/12/2021,Sat: 9:00 AM-1:00 PM
1021627,1,05/08/2022 to 05/08/2022,Sun: 10:00 AM-3:00 PM
1001245,1,05/01/2021 to 05/01/2021,Sat: 8:00 AM-1:00 PM
1001245,2,06/01/2021 to 06/01/2021,Tue: 12:00 PM-5:30 PMSat: 7:00 AM-1:00 PM
1002984,1,05/19/2018 to 10/27/2018,Wed: 2:30 PM-5:30 PMSat: 8:00 AM-12:00 PM
1005086,1,01/01/2021 to 12/31/2021,Wed: 9:00 AM-12:00 PMSat: 9:00 AM-12:00 PM
1021450,1,05/07/2021 to 05/07/2021,Fri: 2:00 PM-6:00 PM
1019789,1,06/07/2020 to 09/20/2020,Sun: 10:00 AM-3:00 PM
1021329,1,05/29/2021 to 05/29/2021,Sat: 10:00 AM-2:00 PM
1000559,1,05/05/2018 to 10/31/2018,Mon: -12:00 PMWed: 8:00 AM-12:00 PMSat: 7:00 AM-12:00 PM
1000559,2,11/01/2018 to 05/03/2019,Sat: 9:00 AM-12:00 PM
1021534,1,01/01/2021 to 01/01/2021,Sun: 12:00 PM-4:00 PM
1021528,1,05/22/2021 to 05/22/2021,Sat: 9:00 AM-1:00 PM
1021530,1,12/04/2021 to 12/04/2021,Sat: 1:00 PM-4:00 PM
1021529,1,10/30/2021 to 10/30/2021,Sat: 1:00 PM-4:00 PM
1019044,1,05/16/2018 to 10/10/2018,Wed: 4:00 PM-7:00 PM
1019076,1,06/05/2020 to 10/01/2020,Sat: 9:00 AM-1:00 PM
1021338,1,01/01/2021 to 01/01/2021,Sun: 9:00 AM-2:00 PM
1021521,1,03/01/2021 to 03/01/2021,Sat: 10:00 AM-2:00 PM
1012081,1,01/01/2021 to 01/01/2021,Sun: 11:00 AM-1:30 PM
1021582,1,01/01/2021 to 01/01/2021,Sun: 12:00 PM-4:00 PM
1001604,1,06/17/2021 to 06/17/2021,Thu: 10:00 AM-3:00 PM
1020029,1,05/02/2020 to 11/21/2020,Sat: 8:30 AM-12:30 PM
1003335,1,06/21/2020 to 09/27/2020,Sun: 10:00 AM-2:00 PM
1019871,1,07/01/2020 to 09/30/2020,Sat: 8:00 AM-11:00 AM
1000436,1,01/01/2021 to 01/01/2021,Sat: 10:00 AM-2:00 PM
1021540,1,06/05/2021 to 06/05/2021,Sat: 8:00 AM-12:00 PM
1021265,1,05/01/2021 to 05/01/2021,Sat: 8:00 AM-12:00 PM
1021265,2,06/30/2021 to 06/30/2021,Wed: 3:00 PM-6:00 PM
1021443,1,05/05/2021 to 05/05/2021,Wed: 9:00 AM-1:00 PMFri: 5:00 PM-8:00 PM
1019617,1,01/01/2021 to 01/01/2021,Sun: 11:00 AM-3:00 PM
1019874,1,06/01/2020 to 10/31/2020,Sat: 9:00 AM-12:00 PM
1020102,1,01/01/2020 to 12/01/2020,Thu: 9:00 AM-4:00 PMFri: 9:00 AM-4:00 PM
1020097,1,05/23/2020 to 10/31/2020,Sat: 8:00 AM-12:00 PM
1021630,1,06/07/2022 to 06/07/2022,Tue: 4:00 PM-7:00 PM
1019853,1,06/15/2021 to 06/15/2021,Tue: 3:00 PM-6:00 PM
1019400,1,06/01/2019 to 10/26/2019,Sat: 9:00 AM-1:00 PM
1010607,1,04/14/2018 to 11/17/2018,Sat: 7:00 AM-11:00 AM
1010607,2,11/24/2018 to 12/22/2018,Sat: 10:00 AM-12:00 PM
1011902,1,05/29/2021 to 05/29/2021,Sat: 8:00 AM-11:00 AM
1021363,1,06/07/2021 to 06/07/2021,Mon: 4:00 PM-7:30 PM
1008140,1,06/06/2018 to 08/29/2018,Wed: 3:00 PM-7:00 PM
1002064,1,06/01/2021 to 06/01/2021,Thu: 11:00 AM-4:00 PM
1011363,1,06/06/2019 to 09/26/2019,Thu: 4:00 PM-7:00 PM
1001316,1,05/29/2021 to 05/29/2021,Sat: 9:00 AM-1:00 PM
1001533,1,04/29/2021 to 04/29/2021,Thu: 4:00 PM-8:00 PM
1018644,1,05/02/2018 to 09/26/2018,Wed: 4:00 PM-7:00 PM
1021403,1,04/10/2021 to 04/10/2021,Sat: 7:30 AM-1:00 PM
1005183,1,04/01/2018 to 12/09/2018,Sun: 10:00 AM-2:00 PM
1019005,1,05/26/2018 to 10/31/2018,Sat: 8:00 AM-12:00 PM
1021628,1,11/21/2021 to 11/21/2021,Sun: 10:00 AM-1:30 PM
1021628,2,12/12/2021 to 12/12/2021,Sun: 10:00 AM-1:30 PM
1021628,3,01/09/2022 to 01/09/2022,Sun: 10:00 AM-1:30 PM
1019168,1,06/07/2018 to 09/27/2018,Thu: 4:00 PM-6:30 PM
1019169,1,06/04/2018 to 09/24/2018,Mon: 11:00 AM-2:00 PM
1019967,1,05/10/2020 to 10/11/2020,Sun: 9:00 AM-1:00 PM
1010406,1,04/01/2020 to 12/31/2020,Sun: 9:00 AM-1:30 PM
1010406,2,01/05/2020 to 03/29/2020,Sun: 9:30 AM-1:30 PM
1012494,1,04/01/2021 to 04/01/2021,Thu: 10:00 AM-2:00 PM
1020196,1,01/01/2020 to 12/31/2020,Sun: 9:00 AM-1:00 PM
1019765,1,05/21/2020 to 10/29/2020,Thu: 4:00 PM-7:00 PM
1005949,1,04/01/2018 to 09/25/2018,Tue: 8:30 AM-1:00 PM
1019338,1,06/05/2019 to 09/25/2019,Wed: 3:00 PM-7:00 PM
1019339,1,11/09/2018 to 04/12/2019,Fri: 3:00 PM-6:00 PM
1019591,1,06/24/2019 to 10/07/2019,Mon: 3:00 PM-7:00 PM
1021508,1,05/22/2021 to 05/22/2021,Sat: 9:00 AM-1:00 PM
1011037,1,06/02/2018 to 10/20/2018,Sat: 10:00 AM-1:00 PM
1012163,1,06/02/2018 to 10/27/2018,Sat: 10:00 AM-1:00 PM
1011829,1,05/08/2021 to 05/08/2021,Sat: 9:00 AM-1:00 PM
1011829,2,12/04/2021 to 12/04/2021,Sat: 11:00 AM-2:00 PM
1018563,1,12/02/2017 to 12/02/2017,Sat: 9:00 AM-12:30 PM
1019440,1,05/04/2019 to 09/14/2019,Wed: 3:00 PM-6:00 PMSat: 9:00 AM-1:00 PM
1018092,1,05/23/2020 to 11/28/2020,Sat: 9:00 AM-1:00 PM
1018313,1,04/07/2018 to 10/27/2018,Sat: 9:00 AM-1:00 PM
1018316,1,11/03/2018 to 12/22/2018,Sat: 9:00 AM-2:00 PM
1020101,1,05/09/2020 to 10/31/2020,Mon: 9:00 AM-5:00 PMTue: 9:00 AM-5:00 PMWed: 9:00 AM-5:00 PMThu: 9:00 AM-5:00 PMFri: 9:00 AM-5:00 PMSat: 9:00 AM-5:00 PMSun: 9:00 AM-5:00 PM
1006833,1,06/06/2019 to 10/24/2019,Thu: 3:00 PM-6:00 PM
1019318,1,04/06/2019 to 10/26/2019,Sat: 8:00 AM-12:00 PM
1019693,1,05/01/2019 to 10/26/2019,Sat: 8:30 AM-12:30 PM
1001526,1,07/08/2021 to 07/08/2021,Thu: 9:00 AM-2:00 PM
1001526,2,07/07/2022 to 07/07/2022,Thu: 9:00 AM-2:00 PM
1001526,3,07/06/2023 to 07/06/2023,Thu: 9:00 AM-2:00 PM
1019165,1,05/20/2018 to 10/28/2018,Sun: 8:00 AM-12:00 PM
1020096,1,06/04/2020 to 10/29/2020,Thu: 2:00 PM-6:00 PM
1020099,1,06/06/2020 to 10/31/2020,Sat: 7:00 AM-2:00 PM
1019205,1,01/01/2018 to ,Wed: 8:00 AM-12:00 PMSat: 8:00 AM-12:00 PM
1021248,1,01/01/2020 to 12/31/2020,Wed: 3:00 PM-7:00 PMSat: 9:00 AM-1:00 PM
1018227,1,11/01/2017 to 11/23/2019,Sat: 9:00 AM-1:00 PM
1018227,2,02/02/2019 to 05/04/2019,Sat: 9:00 AM-1:00 PM
1002407,1,05/04/2019 to 10/26/2019,Sat: 9:00 AM-2:00 PM
1011075,1,11/03/2018 to 03/30/2019,Sat: 10:00 AM-2:00 PM
1020113,1,05/20/2020 to 10/31/2020,Wed: 8:00 AM-2:00 PMSat: 8:00 AM-2:00 PM
1018556,1,05/06/2021 to 05/06/2021,Thu: 4:00 PM-7:00 PM
1019146,1,06/10/2018 to 10/21/2018,Sun: 11:00 AM-3:00 PM
1018756,1,06/22/2019 to ,Sat: 4:00 PM-8:00 PM
1019905,1,06/20/2020 to 10/31/2020,Sat: 8:00 AM-12:00 PM
1019257,1,05/05/2018 to 09/01/2018,Sat: 8:00 AM-1:00 PM
1019984,1,07/10/2020 to ,Fri: 10:00 AM-2:00 PM
1019794,1,07/02/2020 to 08/27/2020,Thu: 3:00 PM-6:00 PM
1019527,1,01/01/2019 to 12/31/2019,Wed: 10:00 AM-3:00 PMSat: 10:00 AM-3:00 PM
1021210,1,06/04/2020 to 11/19/2020,Thu: 1:30 PM-6:30 PM
1021736,1,01/01/2022 to 01/01/2022,Sat: 8:00 AM-1:00 PM
1018891,1,01/01/2020 to 12/31/2020,Sun: 10:00 AM-3:00 PM
1021515,1,06/04/2021 to 06/04/2021,Fri: 3:30 PM-6:30 PM
1021262,1,01/01/2021 to 12/31/2021,Sat: 9:00 AM-1:00 PM
1019906,1,09/01/2020 to 10/28/2020,Wed: 10:30 AM-1:30 PM
1019727,1,06/04/2020 to 09/03/2020,Thu: 4:00 PM-7:00 PM
1017968,1,06/01/2018 to 10/26/2018,Fri: 1:00 PM-5:00 PM
1008607,1,05/05/2018 to 11/03/2018,Sat: 8:30 AM-12:30 PM
1021311,1,01/01/2021 to 01/01/2021,Sat: 9:00 AM-1:00 PM
1019218,1,05/05/2018 to 11/17/2018,Sat: 9:00 AM-1:00 PM
1008953,1,05/16/2019 to 10/24/2019,Thu: 2:00 PM-5:00 PM
1019492,1,04/13/2019 to 12/21/2019,Sat: 8:00 AM-12:00 PM
1021524,1,07/08/2021 to 07/08/2021,Thu: 5:30 PM-7:00 PM
1019965,1,06/06/2020 to 10/17/2020,Sat: 9:00 AM-1:00 PM
1021728,1,06/04/2022 to 06/04/2022,Sat: 9:30 AM-12:30 PM
1001362,1,05/23/2020 to 10/03/2020,Sat: 8:00 AM-1:00 PM
1021238,1,08/01/2021 to 08/01/2021,Sun: 9:00 AM-1:00 PM
1021614,1,07/12/2021 to 07/12/2021,Sat: 11:00 AM-3:00 PMSun: 1:00 PM-5:00 PM
1021614,2,07/03/2022 to 07/03/2022,Sat: 10:00 AM-3:00 PMSun: 1:00 PM-5:00 PM
1004927,1,01/01/2018 to 12/31/2018,Fri: 9:00 AM-2:00 PM
1019922,1,06/18/2020 to 10/29/2020,Thu: 4:00 PM-6:00 PM
1019978,1,06/21/2020,Sun: 9:00 AM-1:00 PM
1018263,1,11/07/2020 to 12/19/2020,Sat: 12:00 PM-1:00 PM
1019980,1,06/04/2020 to 10/22/2020,Thu: 2:00 PM-6:00 PM
1018459,1,04/21/2018 to ,Sat: 9:00 AM-1:00 PM
1019997,1,01/01/2020 to 12/31/2020,Sat: 8:00 AM-12:00 PM
1020160,1,01/01/2020 to 12/31/2020,Fri: 2:30 PM-5:30 PM
1020183,1,05/06/2020 to 09/30/2020,Wed: 4:00 PM-8:00 PM
1002674,1,01/01/2021 to 01/01/2021,Sat: 8:00 AM-12:00 PM
1021575,1,05/11/2021 to 05/11/2021,Wed: 8:00 AM-12:00 PM
1020117,1,05/22/2020 to 10/30/2020,Fri: 3:00 PM-6:00 PM
1020118,1,05/19/2020 to 10/27/2020,Tue: 3:00 PM-6:00 PM
1020119,1,05/23/2020 to 10/31/2020,Sat: 9:00 AM-12:00 PM
1020184,1,01/05/2020 to 12/27/2020,Sun: 9:00 AM-1:00 PM
1009034,1,01/01/2018 to 12/31/2018,Sat: 9:00 AM-12:00 PM
1019810,1,05/01/2020 to 10/30/2020,Fri: 4:00 PM-7:00 PM
1019810,2,06/02/2020 to 09/29/2020,Tue: 4:00 PM-7:00 PM
1021202,1,01/01/2020 to 12/31/2020,Sat: 9:00 AM-2:00 PM
1012038,1,01/01/2016 to 12/31/2016,Sat: 9:00 AM-1:30 PM
1019772,1,05/10/2020 to 10/04/2020,Sun: 9:00 AM-1:00 PM
1021435,1,06/12/2021 to 06/12/2021,Sat: 10:00 AM-1:00 PM
1021294,1,01/01/2021 to 01/01/2021,Sat: 8:00 AM-1:00 PM
1021655,1,05/07/2022 to 05/07/2022,Sun: 8:00 AM-12:00 PM
1011930,1,06/15/2016 to 09/14/2016,Wed: 3:00 PM-6:00 PM
1018359,1,05/19/2017 to 11/10/2017,Fri: 11:00 AM-3:00 PM
1008450,1,05/01/2018 to 09/25/2018,Tue: 9:00 AM-1:00 PM
1006651,1,05/07/2019 to 10/15/2019,Tue: 3:00 PM-7:00 PM
1019417,1,01/01/2019 to 12/31/2019,Mon: 9:00 AM-6:00 PMTue: 9:00 AM-6:00 PMWed: 9:00 AM-6:00 PMThu: 9:00 AM-6:00 PMFri: 9:00 AM-6:00 PMSat: 9:00 AM-4:00 PMSun: 1:30 PM-4:30 PM
1021269,1,01/01/2021 to 01/01/2021,Sat: 9:00 AM-12:00 PM
1021269,2,03/17/2021 to 03/17/2021,Wed: 3:00 PM-6:00 PMSat: 7:00 AM-12:00 PM
1021269,3,11/06/2021 to 11/06/2021,Sat: 9:00 AM-12:00 PM
1008322,1,05/01/2020 to 09/30/2020,Fri: 8:00 AM-12:00 PM
1021213,1,06/05/2021 to 06/05/2021,Sat: 8:30 AM-1:00 PM
1020071,1,07/04/2020 to 10/03/2020,Sat: 9:00 AM-12:00 PM
1020074,1,07/11/2020 to 10/10/2020,Mon: 3:00 PM-5:00 PMWed: 8:00 AM-11:00 AMSat: 8:00 AM-11:00 AM
1012093,1,06/13/2021 to 06/13/2021,Sun: 12:00 PM-4:00 PM
1021740,1,05/14/2022 to 05/14/2022,Sat: 8:30 AM-12:30 PM
1008276,1,06/03/2021 to 06/03/2021,Thu: 10:00 AM-1:00 PM
1019159,1,05/10/2018 to 10/18/2018,Thu: 3:30 PM-7:00 PM
1019159,2,11/17/2018 to 11/17/2018,Sat: 9:00 AM-3:00 PM
1021242,1,05/14/2022 to 05/14/2022,Sat: 8:00 AM-12:00 PM
1012484,1,05/05/2018 to 10/13/2018,Sat: 9:00 AM-2:00 PM
1019842,1,01/01/2021 to 12/31/2021,Sat: 9:00 AM-1:00 PM
1021362,1,05/01/2021 to 05/01/2021,Sat: 9:00 AM-12:00 PM
1018734,1,03/06/2020 to 11/06/2020,Fri: 6:00 PM-9:00 PM
1021226,1,01/01/2020 to 12/31/2020,Thu: 10:00 AM-3:00 PM
1019907,1,07/07/2020 to 10/27/2020,Wed: 3:00 PM-6:30 PM
1019618,1,07/23/2019 to 10/08/2019,Tue: 3:00 PM-7:00 PM
1020142,1,06/06/2020 to 09/19/2020,Sat: 8:00 AM-12:30 PM
1020141,1,10/03/2020,Sat: 8:00 AM-12:30 PM
1020058,1,01/01/2020 to 12/31/2020,Sun: 9:00 AM-2:00 PM
1020057,1,01/01/2020 to 12/31/2020,Sat: 10:00 AM-3:00 PM
1020056,1,01/01/2020 to 12/31/2020,Tue: 5:00 PM-9:00 PM
1021267,1,05/26/2021 to 05/26/2021,Wed: 3:00 PM-6:00 PM
1021564,1,05/22/2021 to 05/22/2021,Sat: 10:00 AM-2:00 PM
1017995,1,01/13/2018 to 11/24/2018,Sat: 8:00 AM-12:00 PM
1021741,1,06/24/2022 to 06/24/2022,Fri: 9:00 AM-12:30 PM
1005834,1,05/19/2015 to 10/20/2015,Tue: 3:00 PM-6:00 PM
1004754,1,05/21/2021 to 05/21/2021,Fri: 3:00 PM-6:00 PM
1008606,1,05/06/2020 to 08/26/2020,Wed: 11:00 AM-2:00 PM
1021310,1,01/01/2021 to 01/01/2021,Sat: 9:00 AM-1:00 PM
1020128,1,01/01/2020 to 12/31/2020,Sat: 7:30 AM-1:00 PM
1020129,1,01/01/2020 to 12/31/2020,Wed: 7:30 AM-1:00 PM
1020127,1,06/02/2020 to 09/29/2020,Tue: 7:30 AM-12:00 PM
1001763,1,04/17/2019 to 10/31/2019,Thu: 3:00 PM-6:00 PM
1019104,1,05/04/2018 to 09/28/2018,Fri: 4:00 PM-6:00 PM
1008409,1,06/10/2021 to 06/10/2021,Thu: 12:00 PM-6:00 PM
1021237,1,06/09/2020 to 09/29/2020,Tue: 3:00 PM-7:00 PM
1004360,1,05/05/2018 to 10/27/2018,Wed: 8:00 AM-12:00 PMSat: 8:00 AM-12:00 PM
1021653,1,01/01/2022 to 01/01/2022,Thu: 9:00 AM-1:00 PM
1019141,1,01/01/2021 to 01/01/2021,Sat: 9:00 AM-1:00 PM
1019141,2,04/13/2021 to 04/13/2021,Tue: 4:00 PM-7:00 PM
1005250,1,01/01/2019 to 12/31/2019,Mon: 11:30 AM-12:30 PM
1021199,1,01/01/2020 to 12/31/2020,Sat: 9:00 AM-1:00 PM
1019717,1,10/05/2019 to 10/26/2019,Sat: 8:00 AM-12:00 PM
1019717,2,05/16/2020 to 08/29/2020,Sat: 8:00 AM-11:00 AM
1004255,1,06/07/2020 to 09/27/2020,Sun: 9:00 AM-1:00 PM
1017930,1,06/22/2017 to 09/14/2017,Wed: 3:00 PM-7:00 PM
1000303,1,06/23/2021 to 06/23/2021,Wed: 2:30 PM-6:30 PM
1021433,1,07/01/2021 to 07/01/2021,Thu: 4:00 PM-7:00 PM
1005940,1,05/06/2018 to 12/16/2018,Sun: 10:00 AM-1:00 PM
1005941,1,07/05/2018 to 10/25/2018,Thu: 3:00 PM-6:00 PM
1019206,1,01/01/2018 to 04/01/2018,Sat: 10:00 AM-1:00 PM
1005943,1,04/07/2018 to 12/15/2018,Sat: 9:00 AM-1:00 PM
1002106,1,01/01/2021 to 01/01/2021,Sun: 8:00 AM-1:00 PM
1019061,1,05/26/2018 to 09/08/2018,Sat: 9:00 AM-1:00 PM
1021441,1,04/17/2021 to 04/17/2021,Sat: 8:00 AM-11:30 PM
1019110,1,04/07/2018 to 10/27/2018,Sat: 9:00 AM-1:00 PM
1019741,1,05/09/2020 to 10/10/2020,Sun: 8:30 AM-11:30 AM
1019823,1,06/04/2020 to 10/01/2020,Thu: 10:00 AM-4:00 PM
1019763,1,04/25/2020 to 11/21/2020,Sat: 9:00 AM-12:00 PM
1000549,1,01/01/2015 to 12/31/2015,Wed: 10:00 AM-1:00 PM
1002808,1,06/03/2021 to 06/03/2021,Thu: 10:30 AM-1:30 PM
1018969,1,11/04/2017 to 05/05/2018,Sat: 9:00 AM-12:00 PM
1019821,1,05/13/2020 to 11/07/2020,Sat: 8:30 AM-12:30 PM
1020135,1,04/01/2020 to 12/19/2020,Sat: 9:00 AM-1:00 PM
1021232,1,05/28/2020 to 05/28/2020,Thu: 4:00 PM-7:00 PM
1001290,1,06/06/2021 to 06/06/2021,Sun: 10:00 AM-1:00 PM
1000210,1,06/13/2020 to 10/17/2020,Sat: 9:00 AM-1:00 PM
1009656,1,06/10/2020 to 10/07/2020,Wed: 3:00 PM-7:00 PM
1019790,1,04/03/2021 to 04/03/2021,Sat: 8:00 AM-12:00 PM
1019790,2,11/06/2021 to 11/06/2021,Sat: 9:00 AM-12:00 PM
1019790,3,06/01/2021 to 06/01/2021,Tue: 10:00 AM-1:00 PMThu: 3:00 AM-6:00 PM
1010758,1,01/01/2018 to 12/31/2018,Wed: 11:00 AM-5:00 PMSat: 11:00 AM-5:00 PM
1019483,1,05/04/2019 to 10/26/2019,Sat: 7:00 AM-12:00 PM
1019199,1,05/20/2021 to 05/20/2021,Thu: 4:00 PM-6:30 PM
1020124,1,06/04/2020 to 09/24/2020,Thu: 4:00 PM-7:00 PM
1011003,1,01/01/2018 to 12/31/2018,Mon: 9:00 AM-5:30 PMTue: 9:00 AM-5:30 PMWed: 9:00 AM-5:30 PMThu: 9:00 AM-5:30 PMFri: 9:00 AM-5:30 PMSat: 9:00 AM-5:30 PMSun: 10:00 AM-4:00 PM
1011003,2,01/01/2018 to 12/31/2018,Mon: 9:00 AM-5:30 PMTue: 9:00 AM-5:30 PMWed: 9:00 AM-5:30 PMThu: 9:00 AM-5:30 PMFri: 9:00 AM-6:00 PMSat: 9:00 AM-5:30 PMSun: 10:00 AM-5:00 PM
1021541,1,05/03/2021 to 05/03/2021,Mon: 1:00 PM-4:00 PM
1019592,1,06/01/2019 to 10/31/2019,Thu: 3:00 PM-7:00 PM
1019042,1,06/12/2018 to 10/30/2018,Tue: 10:00 AM-2:00 PMFri: 10:00 AM-2:00 PM
1012030,1,05/01/2021 to 05/01/2021,Sat: 8:00 AM-1:00 PM
1021396,1,04/24/2021 to 04/24/2021,Sat: 7:00 AM-12:00 PM
1018190,1,05/06/2019 to 10/07/2019,Mon: 5:00 PM-7:00 PM
1021639,1,06/03/2022 to 06/03/2022,Fri: 4:00 PM-8:00 PM
1012666,1,01/01/2019 to 12/31/2019,Wed: 5:00 PM-8:00 PM
1008959,1,06/02/2018 to 10/27/2018,Sat: 7:30 AM-12:00 PM
1021691,1,04/16/2022 to 04/16/2022,Wed: 9:00 AM-1:00 PMSat: 9:00 AM-1:00 PM
1021691,2,12/03/2022 to 12/03/2022,Sat: 10:00 AM-2:00 PM
1018629,1,06/03/2020 to ,Wed: 4:30 PM-7:30 PM
1010975,1,01/17/2018 to 12/21/2019,Sat: 8:00 AM-11:00 AM
1004382,1,01/01/2020 to 01/01/2020,Thu: 4:00 PM-6:00 PM
1004382,2,01/01/2021 to 01/01/2021,Thu: 4:00 PM-6:00 PM
1018221,1,01/01/2020 to 12/31/2020,Sat: 8:00 AM-11:00 AM
1000368,1,06/20/2019 to 10/03/2019,Thu: 2:00 PM-8:00 PM
1019530,1,06/06/2019 to 08/29/2019,Thu: 4:00 PM-7:00 PM
1019529,1,04/20/2019 to 10/26/2019,Sat: 9:00 AM-12:00 PM
1019531,1,01/01/2019 to 12/31/2019,Sun: 10:00 AM-2:00 PM
1019258,1,11/03/2018 to 04/06/2019,Sat: 9:00 AM-12:00 PM
1019325,1,06/02/2019 to 10/27/2019,Sun: 11:00 AM-2:00 PM
1019296,1,05/05/2018 to 10/27/2018,Sat: 9:00 AM-1:00 PM
1019296,2,11/03/2018,Sat: 9:00 AM-1:00 PM
1009993,1,06/23/2021 to 06/23/2021,Wed: 4:30 PM-6:30 PM
1021330,1,05/01/2021 to 05/01/2021,Sat: 8:00 AM-1:00 PM
1021331,1,11/27/2021 to 11/27/2021,Sat: 10:00 AM-2:00 PM
1021227,1,01/01/2020 to 12/31/2020,Sat: 10:00 AM-3:00 PM
1019260,1,01/01/2018 to 12/31/2018,Tue: 9:00 AM-1:00 PM
1019261,1,10/17/2018 to 07/10/2019,Wed: 1:00 PM-5:00 PM
1019262,1,01/01/2018 to 12/31/2018,Tue: 9:00 AM-1:00 PM
1002470,1,06/19/2021 to 06/19/2021,Sat: 9:00 AM-1:00 PM
1012365,1,04/18/2018 to 11/28/2018,Wed: 11:00 AM-3:00 PM
1021346,1,01/01/2021 to 01/01/2021,Tue: 2:00 AM-7:00 PM
1019701,1,01/01/2019 to 12/31/2019,Tue: 5:00 PM-7:00 PMSat: 9:00 AM-1:00 PM
1019702,1,11/02/2019 to 04/18/2020,Sat: 9:00 AM-1:00 PM
1020109,1,05/02/2020 to 09/26/2020,Sat: 8:00 AM-12:00 PM
1021387,1,05/01/2021 to 05/01/2021,Sat: 8:00 AM-12:00 PM
1019539,1,07/12/2019 to 10/04/2019,Fri: 4:00 PM-7:00 PM
1021408,1,06/12/2021 to 06/12/2021,Mon: 7:00 AM-12:00 PMWed: 7:00 AM-12:00 PMSat: 7:00 AM-12:00 PM
1012505,1,05/01/2018 to 10/01/2018,Sat: 8:00 AM-12:00 PM
1019880,1,06/01/2021 to 06/01/2021,Fri: 4:00 PM-6:00 PM
1012254,1,07/19/2018 to 10/18/2018,Thu: 4:00 PM-6:00 PM
1019100,1,06/02/2018 to 09/29/2018,Sat: 10:00 AM-1:00 PM
1021457,1,04/24/2021 to 04/24/2021,Sat: 8:00 AM-12:00 PM
1018945,1,06/01/2018 to 09/28/2018,Fri: 2:00 PM-7:00 PM
1021570,1,05/01/2021 to 05/01/2021,Wed: 3:00 PM-6:00 PMSat: 8:00 AM-11:00 AM
1012296,1,06/05/2018 to 10/16/2018,Tue: 3:00 PM-6:00 PM
1011103,1,06/03/2021 to 06/03/2021,Thu: 10:00 AM-2:00 PM
1002536,1,05/06/2018 to 09/30/2018,Sun: 8:00 AM-12:00 PM
1020061,1,08/13/2020 to 09/24/2020,Thu: 5:00 PM-8:00 PM
1018416,1,02/06/2021 to 02/06/2021,Sat: 9:00 AM-1:00 PM
1019308,1,05/05/2018 to 12/22/2018,Sun: 9:00 AM-1:00 PM
1021591,1,06/12/2021 to 06/12/2021,Sat: 11:00 AM-3:00 PM
1021649,1,04/02/2022 to 04/02/2022,Sat: 9:00 AM-1:00 PM
1007255,1,06/02/2018 to 09/29/2018,Sat: 10:00 AM-2:00 PM
1003628,1,05/03/2014 to 05/03/2014,Tue: 2:00 PM-6:00 PMSat: 8:00 AM-1:00 PM
1021318,1,01/01/2021 to 01/01/2021,Sun: 10:00 AM-1:00 PM
1021261,1,09/01/2012 to ,Sat: 8:00 AM-12:00 PM
1018958,1,05/12/2018 to 10/13/2018,Sun: 8:00 AM-12:00 PM
1019458,1,06/03/2021 to 06/03/2021,Thu: 3:00 PM-7:00 PM
1019458,2,10/07/2021 to 10/07/2021,Thu: 3:00 PM-6:00 PM
1018816,1,04/01/2020 to ,Wed: 3:30 PM-6:00 PMSat: 9:00 AM-12:00 PM
1019742,1,05/16/2020 to 10/31/2020,Sat: 8:00 AM-12:00 PM
1019439,1,07/26/2019 to 10/27/2019,Fri: 4:00 PM-7:00 PMSat: 1:00 PM-5:00 PMSun: 1:00 PM-5:00 PM
1018706,1,07/18/2017 to 10/10/2017,Tue: 11:30 AM-1:30 PM
1020111,1,06/06/2020 to 10/31/2020,Sat: 9:00 AM-12:00 PM
1003046,1,05/05/2021 to 05/05/2021,Wed: 2:00 PM-6:00 PM
1009829,1,06/06/2018 to 10/03/2018,Wed: 2:30 PM-6:00 PM
1009894,1,05/15/2021 to 05/15/2021,Sat: 9:00 AM-3:00 PM
1021296,1,05/09/2021 to 05/09/2021,Sun: 9:00 AM-2:00 PM
1010954,1,04/24/2021 to 04/24/2021,Sat: 8:30 AM-1:00 PM
1016793,1,01/09/2021 to 01/09/2021,Sat: 9:00 AM-1:00 PM
1010969,1,03/07/2021 to 03/07/2021,Sun: 10:00 AM-3:00 PM
1010972,1,01/09/2021 to 01/09/2021,Sun: 10:00 AM-3:00 PM
1010972,2,05/15/2021 to 05/15/2021,Sat: 9:00 AM-3:00 PM
1010958,1,06/11/2021 to 06/11/2021,Fri: 9:00 AM-2:00 PM
1016792,1,01/01/2021 to 01/01/2021,Sat: 9:00 AM-1:00 PM
1016792,2,05/08/2021 to 05/08/2021,Sat: 8:30 AM-1:00 PM
1009895,1,01/01/2021 to 01/01/2021,Sun: 10:00 AM-3:00 PM
1010982,1,06/11/2021 to 06/11/2021,Fri: 8:30 AM-4:00 PM
1010960,1,05/09/2021 to 05/09/2021,Sun: 8:30 AM-2:00 PM
1016867,1,05/01/2018 to 12/01/2018,Sat: 9:00 AM-1:00 PM
1016867,2,01/01/2019 to 04/01/2019,Sat: 10:00 AM-12:00 PM
1019667,1,01/01/2019 to 12/31/2019,Thu: 4:00 PM-7:00 PM
1009043,1,04/02/2021 to 04/02/2021,Fri: 3:00 PM-7:00 PM
1020064,1,01/01/2020 to 12/31/2020,Sun: 10:00 AM-3:00 PM
1020000,1,05/08/2021 to 05/08/2021,Sat: 7:30 AM-12:00 PM
1020001,1,November 21 to April 17,Sat: 10:00 AM-12:00 PM
1019370,1,04/20/2019 to 10/05/2019,Thu: 5:00 PM-8:00 PMSat: 8:00 AM-12:00 PM
1019944,1,04/02/2020 to 09/24/2020,Thu: 6:00 PM-9:00 PM
1000841,1,04/21/2018 to 10/27/2018,Wed: 3:00 PM-6:00 PMSat: 9:00 AM-12:00 PM
1019401,1,06/05/2020 to 10/01/2020,Fri: 3:00 PM-7:00 PM
1021631,1,05/01/2021 to 05/01/2021,Sat: 7:30 AM-1:00 PM
1002400,1,05/19/2018 to 10/27/2018,Sat: 7:00 AM-12:00 PM
1019032,1,05/17/2018 to 10/18/2018,Thu: 4:00 PM-6:00 PM
1019856,1,05/23/2020 to 10/31/2020,Sat: 7:00 AM-12:00 PM
1012243,1,05/12/2018 to 10/27/2018,Sat: 8:00 AM-12:00 PM
1012256,1,06/06/2018 to 09/26/2018,Wed: 11:00 AM-3:00 PM
1019654,1,05/25/2019 to 10/26/2019,Sat: 7:00 AM-12:00 PM
1019341,1,05/04/2019 to 09/21/2019,Sat: 9:00 AM-1:00 PM
1019083,1,05/29/2018 to 10/09/2018,Tue: 3:00 PM-6:30 PM
1009757,1,06/01/2021 to 06/01/2021,Tue: 3:00 PM-6:00 PM
1018930,1,05/25/2019 to 10/26/2019,Sat: 9:00 AM-1:00 PM
1018930,2,11/02/2019 to 12/14/2019,Sat: 9:00 AM-1:00 PM
1003977,1,05/04/2019 to 10/26/2019,Sat: 9:00 AM-1:00 PM
1018621,1,05/07/2019 to 09/24/2019,Tue: 4:00 PM-8:00 PM
1021716,1,01/01/2022 to 01/01/2022,Sat: 8:00 AM-1:00 PM
1021411,1,05/01/2021 to 05/01/2021,Sat: 8:00 AM-1:00 PM
1019525,1,05/12/2019 to 10/27/2019,Sun: 9:00 AM-1:00 PM
1019729,1,05/16/2020 to 10/17/2020,Thu: 2:00 PM-6:00 PMSat: 8:00 AM-12:00 PM
1004676,1,06/05/2019 to 09/25/2019,Wed: 3:30 PM-7:30 PM
1005358,1,05/01/2012 to 09/31/2012,Thu: 4:00 PM-8:00 PM
1005358,2,04/05/2018 to 09/27/2018,Thu: 4:00 PM-8:00 PM
1005197,1,05/02/2020 to 05/02/2020,Sat: 7:00 AM-12:00 PM
1019994,1,07/14/2020 to 09/29/2020,Tue: 11:00 AM-1:00 PM
1018953,1,05/08/2021 to 05/08/2021,Sat: 8:00 AM-12:00 PM
1018953,2,10/02/2021 to 10/02/2021,Sat: 9:00 AM-12:00 PM
1000312,1,04/04/2020 to 11/21/2020,Sat: 8:00 AM-12:00 PM
1000312,2,12/05/2020 to 12/26/2020,Sat: 10:00 AM-12:00 PM
1000312,3,04/22/2020 to 11/18/2020,Wed: 3:00 PM-6:00 PM
1012345,1,05/06/2021 to 05/06/2021,Thu: 3:00 PM-7:00 PM
1019082,1,06/01/2018 to 09/28/2018,Fri: 4:00 PM-8:00 PM
1019870,1,05/30/2020 to 08/24/2020,Thu: 4:00 PM-7:00 PM
1021275,1,01/01/2021 to 01/01/2021,Tue: 4:00 PM-7:00 PM
1018159,1,04/13/2017 to 11/15/2018,Thu: 4:00 PM-8:00 PM
1021303,1,07/07/2021 to 07/07/2021,Wed: 3:00 PM-6:30 PM
1021414,1,10/23/2020 to 10/23/2020,Thu: 2:00 PM-6:00 PM
1011673,1,01/01/2018 to 12/31/2018,Sun: 10:00 AM-2:00 PM
1011673,2,01/01/2018 to 12/31/2018,Sun: 10:00 AM-2:00 PM
1019079,1,06/13/2018 to 10/03/2018,Wed: 4:00 PM-7:00 PM
1020133,1,01/01/2020 to 12/31/2020,Mon: 3:30 PM-7:30 PMThu: 3:30 PM-7:30 PM
1011113,1,04/06/2021 to 04/06/2021,Tue: 3:30 PM-6:30 PM
1011113,2,11/30/2021 to 11/30/2021,Tue: 3:00 PM-6:00 PM
1019510,1,07/02/2019 to 10/29/2019,Tue: 12:00 PM-7:00 PM
1020172,1,04/15/2020 to 11/25/2020,Wed: 11:00 AM-2:00 PM
1012717,1,02/05/2020 to 12/30/2020,Wed: 4:00 PM-7:00 PM
1019094,1,06/15/2018 to 10/12/2018,Fri: 2:30 PM-6:00 PM
1021300,1,06/17/2021 to 06/17/2021,Thu: 10:00 AM-2:00 PM
1019125,1,05/23/2018 to 10/24/2018,Wed: 3:00 PM-7:00 PM
1021698,1,05/22/2022 to 05/22/2022,Sun: 10:00 AM-2:00 PM
1009867,1,05/01/2021 to 05/01/2021,Sat: 9:00 AM-1:00 PM
1009867,2,01/09/2021 to 01/09/2021,Sat: 10:00 AM-12:00 PM
1019624,1,05/05/2019 to 09/29/2019,Sun: 1:00 PM-4:00 PM
1021710,1,06/12/2022 to 06/12/2022,Sun: 10:00 AM-2:00 PM
1021228,1,01/01/2020 to 12/31/2020,Fri: 3:00 PM-7:30 PM
1012783,1,01/01/2021 to 01/01/2021,Sat: 8:00 AM-12:00 PM
1012160,1,05/01/2021 to 05/01/2021,Sat: 9:00 AM-2:00 PM
1019118,1,05/25/2018 to 10/26/2018,Fri: 9:00 AM-1:00 PM
1021574,1,05/20/2021 to 05/20/2021,Sun: 8:00 AM-1:00 PM
1019936,1,07/09/2020 to 10/29/2020,Thu: 5:00 PM-9:00 PM
1012634,1,05/26/2016 to 10/15/2020,Fri: 4:00 PM-6:00 PM
1019921,1,01/01/2020 to 12/31/2020,Thu: 5:00 PM-8:00 PM
1021587,1,05/29/2021 to 05/29/2021,Sat: 8:00 AM-12:00 PM
1018900,1,05/12/2018 to 10/20/2018,Sat: 9:00 AM-12:00 PM
1020112,1,06/09/2020 to ,Tue: 8:00 AM-1:00 PMFri: 8:00 AM-1:00 PM
1018717,1,06/23/2018 to 10/06/2018,Sat: 9:30 AM-12:30 PM
1002657,1,05/06/2018 to 11/25/2018,Sun: 10:00 AM-2:00 PM
1002657,2,12/02/2018 to 12/30/2018,Sun: 10:00 AM-12:00 PM
1002657,3,01/13/2019 to 04/28/2019,Sun: 10:00 AM-12:00 PM
1002769,1,06/19/2021 to 06/19/2021,Sat: 9:00 AM-1:00 PM
1019398,1,01/01/2021 to 01/01/2021,Sat: 10:00 AM-2:00 PM
1012045,1,01/01/2016 to 12/31/2016,Sun: 8:00 AM-1:00 PM
1019684,1,06/06/2019 to 09/26/2019,Thu: 3:30 PM-6:30 PM
1018765,1,04/01/2017 to 10/28/2017,Sat: 8:00 AM-1:00 PM
1019687,1,06/06/2019 to 09/26/2019,Thu: 3:00 PM-7:00 PM
1006678,1,06/09/2014 to 06/09/2014,Mon: 10:00 AM-5:00 PM
1003568,1,05/04/2019 to 09/28/2019,Sat: 11:00 AM-3:00 PM
1020053,1,06/13/2020 to 09/26/2020,Sat: 10:00 AM-12:00 PM
1019954,1,04/23/2020 to 11/24/2020,Thu: 8:00 AM-1:00 PM
1019954,2,11/28/2020 to 12/31/2020,Thu: 9:00 AM-12:00 PM
1010195,1,06/11/2022 to 06/11/2022,Sat: 9:00 AM-1:00 PM
1005267,1,01/01/2019 to 12/31/2019,Fri: 9:00 AM-10:00 AM
1019081,1,06/07/2018 to 10/25/2018,Thu: 3:00 AM-6:00 PM
1018622,1,05/06/2020 to 10/14/2020,Wed: 4:00 PM-8:00 PM
1019186,1,05/12/2018 to 10/27/2018,Sat: 8:00 AM-1:00 PM
1019049,1,05/12/2018 to ,Sat: 8:00 AM-11:00 AM
1018562,1,05/07/2019 to 10/15/2019,Tue: 3:00 PM-7:00 PM
1019457,1,06/06/2019 to 08/01/2019,Thu: 4:00 PM-7:00 PM
1019457,2,09/12/2019 to 10/10/2019,Thu: 4:00 PM-7:00 PM
1010889,1,05/04/2019 to 10/26/2019,Sat: 8:00 AM-1:00 PM
1019841,1,05/01/2020 to 10/30/2020,Fri: 4:00 PM-7:00 PM
1021514,1,05/18/2021 to 05/18/2021,Tue: 5:00 PM-8:00 PM
1019499,1,06/12/2019 to 09/25/2019,Wed: 3:30 PM-5:00 PM
1019523,1,01/01/2019 to 12/31/2019,Wed: 8:30 AM-1:00 PMSat: 8:30 AM-1:00 PM
1018937,1,05/04/2018 to 09/28/2018,Sat: 5:00 PM-8:00 PM
1019436,1,06/04/2019 to 09/10/2019,Tue: 3:00 PM-6:00 PM
1021666,1,06/04/2022 to 06/04/2022,Sat: 9:00 AM-1:00 PM
1018131,1,05/30/2018 to 09/19/2018,Wed: 3:00 PM-7:00 PM
1021388,1,03/20/2021 to 03/20/2021,Sat: 10:00 AM-1:00 PM
1021388,2,05/01/2021 to 05/01/2021,Sat: 8:00 AM-12:00 PM
1021388,3,07/03/2021 to 07/03/2021,Wed: 8:00 AM-12:00 PMSat: 8:00 AM-12:00 PM
1021388,4,11/06/2021 to 11/06/2021,Sat: 10:00 AM-1:00 PM
1005069,1,01/01/2020 to 12/31/2020,Thu: 12:00 PM-5:00 PM
1005069,2,10/01/2012 to 12/31/2012,
1021404,1,04/24/2021 to 04/24/2021,Sat: 8:00 AM-1:00 PM
1005159,1,01/01/2018 to 12/31/2018,Sat: 8:00 AM-1:00 PM
1021538,1,05/22/2021 to 05/22/2021,Sat: 8:00 AM-1:00 PM
1021581,1,01/01/2021 to 01/01/2021,Sat: 8:00 AM-12:00 PM
1019993,1,04/02/2020 to 10/29/2020,Thu: 3:00 PM-5:30 PM
1020079,1,04/04/2020 to 10/31/2020,Sat: 8:00 AM-1:00 PM
1020080,1,04/04/2020 to 10/31/2020,Sat: 8:00 AM-1:00 PM
1021595,1,01/16/2021 to 01/16/2021,Sun: 9:00 AM-1:00 PM
1019862,1,01/01/2021 to 12/31/2021,Wed: 3:00 PM-7:00 PM
1016870,1,12/23/2018 to 12/01/2020,Sun: 9:00 AM-2:00 PM
1021460,1,05/08/2021 to 05/08/2021,Sat: 8:30 AM-12:00 PM
1019800,1,05/02/2020 to 09/26/2020,Thu: 4:00 PM-7:00 PMSat: 9:00 AM-1:00 PM
1012627,1,04/03/2018 to 11/20/2018,Tue: 4:00 AM-6:00 PM
1021676,1,06/04/2022 to 06/04/2022,Sat: 9:00 AM-12:00 PM
1021665,1,06/04/2022 to 06/04/2022,Sat: 8:00 AM-12:00 PM
1020193,1,01/01/2020 to 12/31/2020,Tue: 10:00 AM-2:00 PMThu: 10:00 AM-2:00 PMSat: 8:00 AM-2:00 PM
1012308,1,07/14/2018 to 10/13/2018,Wed: 3:00 PM-5:00 PMSat: 10:00 AM-2:00 PM
1019771,1,05/02/2021 to 05/02/2021,Sun: 11:00 AM-2:00 PM
1018193,1,06/09/2018 to 10/13/2018,Sat: 10:00 AM-1:00 PM
1020008,1,01/01/2020 to 12/31/2020,Tue: 3:00 PM-7:00 PMFri: 3:00 PM-7:00 PM
1019677,1,07/07/2019 to 08/18/2019,Sun: 11:00 AM-2:00 PM
1004377,1,06/05/2019 to 10/23/2019,Wed: 9:30 AM-1:30 PM
1019914,1,06/07/2020 to 10/25/2020,Sun: 9:00 AM-1:00 PM
1019897,1,06/13/2020 to 10/31/2020,Tue: 2:00 PM-6:00 PMSat: 8:00 AM-1:00 PM
1020091,1,05/30/2020 to 10/10/2020,Sat: 9:00 AM-1:00 PM
1020065,1,08/16/2020 to 10/25/2020,Sun: 9:30 AM-1:30 PM
1021453,1,05/08/2021 to 05/08/2021,Sat: 9:00 AM-12:00 PM
1021453,2,06/26/2021 to 06/26/2021,Tue: 9:00 AM-2:00 PMThu: 9:00 AM-2:00 PMSat: 7:00 AM-2:00 PMSun: 9:00 AM-2:00 PM
1021453,3,11/06/2021 to 11/06/2021,Sat: 9:00 AM-2:00 PM
1019123,1,06/05/2018 to 09/25/2018,Tue: 5:00 PM-8:00 PM
1000958,1,04/24/2021 to 04/24/2021,Sat: 8:00 AM-12:00 PM
1000958,2,11/20/2021 to 11/20/2021,Sat: 8:00 AM-12:00 PM
1021638,1,05/04/2022 to 05/04/2022,Wed: 4:00 PM-8:00 PM
1021504,1,05/21/2021 to 05/21/2021,Fri: 4:00 PM-7:00 PM
1002803,1,05/05/2020 to 10/27/2020,Tue: 4:00 PM-7:00 PM
1021680,1,01/01/2022 to 01/01/2022,Sat: 7:00 AM-12:00 PM
1018505,1,05/01/2018 to 11/23/2018,Thu: 4:00 PM-6:00 PMSat: 8:00 AM-10:00 AM
1018505,2,11/01/2018 to 12/01/2019,Thu: 4:00 PM-6:00 PMSat: 9:00 AM-11:00 AM
1019101,1,06/05/2018 to 09/25/2018,Tue: 4:00 PM-8:00 PM
1002880,1,05/11/2019 to 05/11/2019,Wed: 3:00 PM-6:00 PMSat: 8:00 AM-2:00 PM
1002880,2,05/22/2021 to 05/22/2021,Wed: 3:00 PM-6:00 PMSat: 8:00 AM-2:00 PM
1019298,1,04/24/2021 to 04/24/2021,Sat: 8:30 AM-12:00 PM
1019298,2,05/04/2021 to 05/04/2021,Tue: 8:30 AM-12:00 PM
1019298,3,01/09/2021 to 01/09/2021,Sat: 10:00 AM-11:30 AM
1019147,1,05/12/2018 to 09/01/2018,Sat: 8:00 AM-12:00 PM
1021654,1,06/01/2022 to 06/01/2022,Wed: 3:30 PM-6:30 PM
1020092,1,04/25/2020 to ,Tue: 8:00 AM-4:00 PMSat: 8:00 AM-1:00 PM
1020007,1,05/30/2020 to 08/29/2020,Sun: 9:00 AM-1:00 PM
1021565,1,05/30/2021 to 05/30/2021,Sun: 2:00 PM-5:00 PM
1012429,1,01/01/2019 to 02/01/2019,Sat: 9:00 AM-12:00 PM
1012429,2,03/01/2019 to 06/01/2019,Sat: 9:00 AM-1:00 PM
1012429,3,07/01/2019 to 09/01/2019,Sat: 9:00 AM-1:00 PM
1012429,4,10/01/2019 to 12/01/2019,Sat: 9:00 AM-1:00 PM
1021353,1,01/01/2021 to 01/01/2021,Sat: 8:00 AM-2:00 PMSun: 10:00 AM-2:00 PM
1019600,1,03/20/2019 to 12/18/2019,Wed: 3:00 PM-7:00 PM
1018671,1,01/01/2020 to 12/31/2020,Sun: 8:30 AM-1:30 PM
1011730,1,01/01/2020 to 12/31/2020,Sat: 9:00 AM-1:00 PM
1021552,1,03/24/2021 to 03/24/2021,Wed: 3:00 PM-6:00 PM
1021552,2,06/02/2021 to 06/02/2021,Wed: 3:00 PM-7:00 PM
1021552,3,10/06/2021 to 10/06/2021,Wed: 3:00 PM-6:00 PM
1019762,1,05/16/2020 to 09/26/2020,Sat: 9:00 AM-1:00 PM
1019285,1,10/06/2018 to 05/11/2019,Sat: 9:00 AM-1:00 PM
1019998,1,01/01/2020 to 12/31/2020,Sat: 9:00 AM-1:00 PM
1018121,1,05/01/2020 to 10/01/2020,Sat: 8:00 AM-12:00 PM
1006661,1,05/04/2019 to 10/26/2019,Wed: 8:00 AM-2:00 PMFri: 8:00 AM-2:00 PMSat: 8:00 AM-2:00 PM
1006661,2,11/02/2019 to 04/25/2020,Sat: 10:00 AM-1:00 PM
1021590,1,04/17/2021 to 04/17/2021,Sat: 9:00 AM-1:00 PM
1021444,1,05/29/2021 to 05/29/2021,Sat: 8:00 AM-12:00 PM
1021730,1,05/21/2022 to 05/21/2022,Sat: 8:00 AM-12:00 PM
1019630,1,04/13/2019 to 10/26/2019,Sat: 8:00 AM-1:00 PM
1011814,1,01/01/2018 to 12/31/2018,Sun: 8:30 AM-1:00 PM
1018970,1,06/02/2018 to 09/29/2018,Sat: 7:00 AM-12:00 PM
1018831,1,05/14/2020 to 09/01/2020,Thu: 4:00 PM-7:00 PM
1019728,1,05/02/2020 to 10/31/2020,Sat: 9:00 AM-12:30 PM
1021662,1,04/09/2022 to 04/09/2022,Sat: 10:00 AM-2:00 PM
1021662,2,06/11/2022 to 06/11/2022,Sat: 10:00 AM-2:00 PM
1020095,1,06/16/2020 to 10/06/2020,Tue: 3:00 PM-6:00 PM
1021677,1,05/07/2022 to 05/07/2022,Tue: 7:00 AM-12:00 PMThu: 7:00 AM-12:00 PMSat: 7:00 AM-12:00 PM
1021416,1,05/04/2021 to 05/04/2021,Tue: 1:00 PM-6:00 PM
1012033,1,05/01/2021 to 05/01/2021,Sat: 8:00 AM-1:00 PM
1019602,1,07/01/2019 to 09/01/2019,Thu: 11:00 AM-2:30 PM
1019603,1,07/16/2019 to 09/17/2019,Tue: 11:00 AM-2:30 PM
1019604,1,07/23/2019 to 07/23/2019,Tue: 11:00 AM-2:30 PM
1019605,1,07/11/2019 to 09/26/2019,Thu: 11:00 AM-2:30 PM
1019606,1,08/01/2019 to 09/01/2019,Wed: 11:00 AM-2:30 PM
1019607,1,07/10/2019 to 09/25/2019,Wed: 11:00 AM-2:30 PM
1019608,1,08/29/2019 to 08/29/2019,Thu: 11:00 AM-2:30 PM
1021461,1,01/02/2021 to 01/02/2021,Sat: 8:00 AM-12:00 PM
1021461,2,05/01/2021 to 05/01/2021,Sat: 7:00 AM-11:00 AM
1021461,3,10/02/2021 to 10/02/2021,Sat: 8:00 AM-12:00 PM
1021284,1,06/13/2021 to 06/13/2021,Sun: 10:00 AM-1:00 PM
1008573,1,05/01/2018 to 10/31/2018,Wed: 2:00 PM-6:00 PMSat: 8:00 AM-1:00 PM
1008573,2,11/01/2017 to 04/01/2018,Wed: 2:00 PM-6:00 PM
1002767,1,06/08/2021 to 06/08/2021,Tue: 9:00 AM-1:00 PM
1005588,1,06/01/2012 to 09/30/2012,Tue: 7:00 AM-1:00 PM
1019414,1,06/07/2020 to 10/25/2020,Sun: 9:00 AM-2:00 PM
1021364,1,05/07/2021 to 05/07/2021,Fri: 9:00 AM-1:00 PM
1020050,1,03/07/2020 to 12/19/2020,Sat: 8:00 AM-12:00 PM
1019833,1,06/17/2020 to 10/01/2020,Wed: 3:00 PM-7:00 PM
1021350,1,05/04/2021 to 05/04/2021,Tue: 2:00 PM-6:00 PM
1021308,1,05/21/2021 to 05/21/2021,Fri: 2:00 PM-6:00 PM
1012253,1,05/25/2018 to 10/26/2018,Fri: 10:00 AM-5:00 PM
1021392,1,05/15/2021 to 05/15/2021,Sat: 7:00 AM-12:00 PM
1005937,1,05/11/2016 to 10/29/2016,Wed: 8:00 AM-1:00 PMSat: 8:00 AM-1:00 PM
1017947,1,04/21/2018 to 04/21/2018,Sat: 8:00 AM-12:00 PM
1017947,2,11/21/2020 to 11/21/2020,Sat: 10:00 AM-1:00 PM
1021484,1,01/03/2021 to 01/03/2021,Sun: 9:00 AM-1:00 PM
1019989,1,07/07/2020 to 11/28/2020,Tue: 9:00 AM-4:00 PMSat: 9:00 AM-4:00 PM
1021456,1,06/01/2021 to 06/01/2021,Tue: 4:00 PM-7:00 PM
1006059,1,05/23/2018 to 10/10/2018,Wed: 6:30 AM-3:00 PM
1021289,1,01/09/2021 to 01/09/2021,Sat: 9:00 AM-12:00 PM
1021289,2,05/22/2021 to 05/22/2021,Sat: 8:00 AM-12:00 PM
1021319,1,05/01/2021 to 05/01/2021,Wed: 7:00 AM-1:00 PMSun: 7:00 AM-1:00 PM
1021320,1,06/05/2021 to 06/05/2021,Sat: 8:00 AM-1:00 PM
1004849,1,03/30/2019 to 11/23/2019,Sat: 9:00 AM-1:00 PM
1006997,1,06/04/2020 to 09/17/2020,Thu: 9:00 AM-2:00 PM
1019805,1,05/09/2021 to 05/09/2021,Sun: 10:00 AM-2:00 PM
1019132,1,05/05/2018 to 09/15/2018,Sat: 9:00 AM-1:00 PM
1018472,1,01/01/2018 to 12/31/2018,Sat: 8:30 AM-12:30 PM
1021382,1,05/13/2021 to 05/13/2021,Thu: 3:00 PM-6:00 PMSat: 10:00 AM-12:00 PM
1021536,1,01/01/2021 to 01/01/2021,Sat: 9:30 AM-12:30 PM
1019088,1,05/19/2018 to 10/20/2018,Sat: 10:00 AM-1:00 PM
1021247,1,01/01/2020 to 12/31/2020,Sat: 8:30 AM-11:00 AM
1018619,1,05/15/2021 to 05/15/2021,Sat: 8:00 AM-12:00 PM
1005265,1,01/01/2019 to 12/31/2019,Fri: 7:00 AM-8:00 AM
1001804,1,01/01/2021 to 01/01/2021,Sat: 8:00 AM-1:00 PM
1021584,1,05/05/2021 to 05/05/2021,Wed: 4:00 PM-7:00 PM
1019673,1,05/18/2019 to 10/05/2019,Sat: 8:30 AM-12:00 PM
1018774,1,01/01/2020 to 12/31/2020,Wed: 10:00 AM-7:00 PMThu: 10:00 AM-7:00 PMFri: 10:00 AM-7:00 PMSat: 10:00 AM-7:00 PM
1019738,1,05/08/2020 to 10/09/2020,Fri: 2:00 PM-5:30 PM
1019738,2,10/16/2020 to 12/18/2020,Fri: 2:00 PM-5:30 PM
1019209,1,04/04/2018 to 09/26/2018,Wed: 3:00 PM-7:00 PM
1001597,1,05/15/2018 to 10/19/2018,Tue: 4:30 PM-6:30 PMFri: 4:30 PM-6:30 PM
1021583,1,03/01/2021 to 03/01/2021,Fri: 3:00 PM-5:00 PM
1021583,2,11/01/2021 to 11/01/2021,Fri: 2:30 PM-4:30 PM
1021583,3,01/01/2022 to 01/01/2022,Fri: 2:30 PM-4:30 PM
1006425,1,01/01/2018 to 01/01/2018,Sat: 9:30 AM-12:00 PM
1019065,1,05/10/2018 to 10/25/2018,Thu: 4:00 PM-6:00 PM
1019148,1,01/01/2018 to 12/31/2018,Sat: 6:00 AM-12:00 PM
1019533,1,07/10/2019 to 09/25/2019,Wed: 4:00 PM-7:00 PM
1019770,1,07/08/2020 to 09/30/2020,Wed: 4:00 PM-7:00 PM
1019154,1,07/16/2018 to 10/31/2018,Mon: 9:00 AM-6:00 PMTue: 9:00 AM-6:00 PMWed: 9:00 AM-6:00 PMThu: 9:00 AM-6:00 PMFri: 9:00 AM-6:00 PMSat: 9:00 AM-6:00 PM
1018380,1,05/04/2019 to 10/26/2019,Sat: 8:00 AM-1:00 PM
1021696,1,10/01/2022 to 10/01/2022,Sat: 3:00 PM-4:30 PM
1021555,1,06/04/2021 to 06/04/2021,Thu: 3:00 PM-7:00 PM
1020107,1,06/01/2020 to 09/30/2020,Tue: 7:30 AM-1:00 PMWed: 7:30 AM-1:00 PMFri: 7:30 AM-1:00 PM
1011782,1,07/15/2018 to 10/14/2018,Sun: 11:00 AM-2:00 PM
1018282,1,04/03/2021 to 04/03/2021,Sat: 9:00 AM-1:00 PM
1021431,1,06/01/2021 to 06/01/2021,Tue: 4:00 PM-7:00 PM
1021671,1,06/23/2022 to 06/23/2022,Thu: 4:00 PM-7:00 PM
1021672,1,11/05/2022 to 11/05/2022,Sat: 9:00 AM-12:00 PM
1021211,1,04/18/2020 to 10/17/2020,Sat: 9:00 AM-1:00 PM
1019786,1,06/04/2020 to 08/01/2020,Thu: 5:00 PM-9:00 PM
1019757,1,01/01/2021 to 01/01/2021,Mon: 9:00 AM-2:00 PM
1019192,1,04/07/2018 to 10/27/2018,Sat: 8:00 AM-12:00 PM
1021286,1,07/16/2021 to 07/16/2021,Fri: 3:00 PM-5:30 PM
1020174,1,05/15/2020 to 10/15/2020,Tue: 6:00 PM-8:00 PMFri: 6:00 PM-8:00 PMSat: 12:00 PM-2:00 PM
1003684,1,07/01/2018 to 07/01/2019,Fri: 10:00 AM-2:00 PM
1019234,1,05/25/2018 to 10/06/2018,Fri: 9:00 AM-2:00 PMSat: 9:00 AM-2:00 PM
1006285,1,05/02/2020 to 10/31/2020,Sat: 8:00 AM-1:00 PM
1006285,2,11/14/2020 to 11/14/2020,Sat: 1:00 PM-5:00 PM
1019486,1,04/18/2019 to 11/14/2019,Thu: 8:00 AM-12:30 PM
1021355,1,06/01/2021 to 06/01/2021,Mon: 5:00 PM-9:00 PM
1020026,1,01/01/2020 to 12/31/2020,Sat: 8:00 AM-12:00 PM
1019224,1,01/01/2018 to 12/31/2018,Thu: 8:00 AM-12:00 PM
1019220,1,04/28/2018,Sat: 8:30 AM-1:00 PM
1012260,1,01/01/2018 to 12/01/2020,Thu: 12:00 PM-4:00 PM
1006831,1,05/25/2018 to 10/26/2018,Fri: 3:30 PM-6:00 PM
1021327,1,04/04/2021 to 04/04/2021,Sun: 10:00 AM-2:00 PM
1018951,1,04/06/2018 to 10/31/2018,Mon: 11:00 AM-6:00 PMTue: 11:00 AM-6:00 PMWed: 11:00 AM-6:00 PMThu: 11:00 AM-6:00 PMFri: 11:00 AM-6:00 PMSat: 11:00 AM-6:00 PMSun: 11:00 AM-6:00 PM
1019688,1,05/08/2019 to 10/09/2019,Wed: 3:30 PM-6:30 PM
1019959,1,05/02/2020 to 10/31/2020,Sat: 9:00 AM-1:00 PM
1019962,1,05/03/2020 to 11/01/2020,Sun: 10:00 AM-2:00 PM
1005076,1,05/31/2021 to 05/31/2021,Mon: 7:00 AM-1:00 PM
1019330,1,05/05/2018 to 10/27/2018,Tue: 4:00 PM-7:00 PMSat: 7:00 AM-12:00 PM
1019330,2,11/03/2018 to 04/27/2019,Sat: 9:00 AM-12:00 PM
1010937,1,05/01/2021 to 05/01/2021,Wed: 9:00 AM-3:00 PMSat: 9:00 AM-3:00 PM
1021511,1,06/02/2021 to 06/02/2021,Wed: 8:00 AM-11:00 AM
1021512,1,10/02/2021 to 10/02/2021,Sat: 9:00 AM-12:00 PM
1021516,1,05/01/2021 to 05/01/2021,Sat: 8:00 AM-12:00 PM
1011761,1,05/01/2018 to 12/11/2018,Tue: 3:00 AM-6:00 PMSat: 9:00 AM-12:00 PM
1011761,2,11/06/2018 to 12/11/2018,Tue: 3:00 PM-5:30 PM
1018972,1,05/26/2018 to 09/29/2018,Sat: 8:00 AM-12:00 PM
1008980,1,05/05/2018 to 10/27/2018,Sat: 8:00 AM-12:00 PM
1021547,1,06/08/2021 to 06/08/2021,Tue: 11:00 AM-2:00 PM
1021547,2,06/18/2021 to 06/18/2021,Fri: 5:00 PM-8:00 PM
1021547,3,07/16/2021 to 07/16/2021,Fri: 5:00 PM-8:00 PM
1021547,4,08/20/2021 to 08/20/2021,Fri: 5:00 PM-8:00 PM
1019302,1,06/24/2018 to 10/14/2018,Sun: 10:00 AM-2:00 PM
1018853,1,11/07/2020 to 11/07/2020,Sat: 9:30 AM-12:00 PM
1018853,2,05/01/2021 to 05/01/2021,Sat: 8:30 AM-12:00 PM
1018458,1,03/24/2018 to 12/22/2018,Sat: 9:00 AM-1:00 PM
1018458,2,06/20/2018 to 08/29/2018,Wed: 10:00 AM-2:00 PM
1007267,1,05/30/2020 to 09/01/2020,Wed: 2:00 PM-5:00 PMSat: 10:00 AM-3:00 PM
1009663,1,06/13/2020 to 10/10/2020,Sat: 8:00 AM-1:00 PM
1019819,1,05/03/2020 to ,Sun: 11:00 AM-2:00 PM
1021705,1,06/15/2022 to 06/15/2022,Wed: 4:00 PM-7:00 PM
1021711,1,05/07/2022 to 05/07/2022,Sat: 9:00 AM-1:00 PM
1012041,1,06/01/2018 to 10/27/2018,Sat: 9:00 AM-12:00 PM
1020100,1,04/18/2020 to 10/31/2020,Tue: 7:00 AM-1:00 PMSat: 7:00 AM-1:00 PM
1008366,1,06/12/2016 to 06/12/2016,Sun: 1:00 PM-5:00 PM
1018200,1,04/06/2019 to 12/14/2019,Sat: 8:00 AM-12:00 PM
1005674,1,05/01/2019 to 11/01/2019,Sat: 9:00 AM-1:00 PM
1018152,1,01/01/2020 to 12/31/2020,Thu: 10:00 AM-2:00 PM
1019990,1,01/01/2020 to 12/31/2020,Thu: 10:00 AM-2:00 PM
1021610,1,12/04/2021 to 12/04/2021,Sat: 10:00 AM-1:00 PM
1021612,1,04/07/2021 to 04/07/2021,Wed: 3:00 PM-6:00 PM
1019056,1,01/01/2021 to 01/01/2021,Sun: 9:00 AM-1:00 PM
1019056,2,12/09/2018 to 12/09/2018,Sun: 11:00 AM-1:00 PM
1010598,1,05/06/2021 to 05/06/2021,Thu: 11:00 AM-3:00 PM
1021268,1,05/29/2021 to 05/29/2021,Sat: 8:00 AM-1:00 PM
1021268,2,01/09/2021 to 01/09/2021,Sat: 9:00 AM-1:00 PM
1019586,1,03/06/2019 to 10/30/2019,Wed: 5:00 PM-8:00 PM
1021635,1,01/01/2021 to 01/01/2021,Mon: 9:00 AM-5:00 PMTue: 9:00 AM-5:00 PMWed: 9:00 AM-5:00 PMThu: 9:00 AM-5:00 PMFri: 9:00 AM-5:00 PMSat: 9:00 AM-3:00 PMSun: 10:00 AM-2:00 PM
1011325,1,05/17/2019 to 09/20/2019,Fri: 4:30 PM-8:30 PM
1021703,1,05/15/2022 to 05/15/2022,Sun: 9:30 AM-1:00 PM
1021703,2,11/22/2022 to 11/22/2022,Tue: 6:30 PM-8:30 PM
1012621,1,06/02/2016 to 09/29/2016,Thu: 4:30 PM-6:30 PM
1006417,1,12/01/2020 to ,Sat: 9:00 AM-1:00 PM
1005080,1,05/20/2021 to 05/20/2021,Thu: 10:00 AM-4:00 PM
1020136,1,04/01/2020 to 11/01/2020,Mon: 8:00 AM-4:00 PMTue: 8:00 AM-4:00 PMWed: 8:00 AM-4:00 PMThu: 8:00 AM-4:00 PMFri: 8:00 AM-4:00 PMSat: 8:00 AM-4:00 PM
1019011,1,05/12/2018 to 10/13/2018,Sat: 8:00 AM-12:00 PM
1019236,1,05/05/2018 to 10/27/2018,Sun: 6:00 AM-1:00 PM
1019236,2,06/06/2018 to 10/31/2018,Wed: 6:00 AM-1:00 PM
1018772,1,07/03/2021 to 07/03/2021,Sat: 10:00 AM-2:00 PM
1019861,1,06/06/2020 to 10/31/2020,
1004384,1,06/01/2015 to 10/31/2015,Wed: 2:00 PM-6:00 PMSat: 9:00 AM-1:00 PM
1012626,1,05/23/2020 to 10/17/2020,Wed: 5:00 PM-7:00 PMSat: 8:30 AM-11:30 AM
1003680,1,05/05/2018 to 09/29/2018,Sat: 9:00 AM-2:00 PM
1004380,1,07/25/2018 to 09/12/2018,Wed: 3:00 PM-5:30 PM
1006376,1,08/11/2018 to 09/15/2018,Sat: 9:00 AM-12:00 PM
1018907,1,05/01/2018 to 09/04/2018,Tue: 1:00 PM-5:00 PM
1018343,1,06/01/2017 to 10/28/2017,Thu: 2:00 PM-6:00 PMSat: 9:00 AM-1:00 PM
1020106,1,06/29/2020 to 10/02/2020,Mon: 3:00 PM-5:00 PMWed: 12:00 AM-2:00 PMFri: 11:00 AM-2:00 PM
1019263,1,04/07/2018 to 10/01/2018,Wed: 3:30 PM-6:30 PMSat: 9:00 AM-12:00 PM
1019263,2,11/03/2018 to 12/22/2018,Sat: 10:00 AM-1:00 PM
1018978,1,11/03/2018 to 03/30/2019,Sat: 10:00 AM-1:00 PM
1021281,1,06/17/2021 to 06/17/2021,Thu: 2:30 PM-5:30 PM
1021306,1,05/27/2021 to 05/27/2021,Thu: 11:00 AM-3:00 PM
1020192,1,05/02/2020 to 10/31/2020,Sat: 8:00 AM-12:30 PM
1020090,1,05/28/2020 to 10/08/2020,Tue: 10:00 AM-2:00 PMThu: 2:00 PM-6:00 PM
1002907,1,01/01/2018 to 12/31/2018,Sat: 8:00 AM-1:00 PM
1018242,1,08/25/2018 to 08/25/2018,Sat: 9:00 AM-1:00 PM
1005270,1,01/01/2019 to 12/31/2019,Thu: 9:00 AM-10:00 AM
1008375,1,03/01/2018 to 11/30/2018,Wed: 8:00 AM-1:30 PM
1008375,2,12/01/2018 to 02/28/2019,Wed: 9:00 AM-1:30 PM
1019774,1,05/02/2020 to 11/21/2020,Tue: 8:00 AM-1:00 PMThu: 2:00 AM-6:00 PMSat: 7:00 AM-2:00 PM
1005252,1,01/01/2019 to 12/31/2019,Sat: 10:00 AM-11:00 AM
1008118,1,01/01/2019 to 12/31/2019,Sat: 6:30 AM-7:30 AM
1021264,1,01/01/2021 to 01/01/2021,Sat: 7:30 AM-1:00 PM
1005253,1,01/01/2019 to 12/31/2019,Thu: 10:30 AM-11:30 AM
1005254,1,01/01/2019 to 12/31/2019,Sun: 7:00 AM-8:30 AM
1005255,1,01/01/2019 to 12/31/2019,Sat: 8:00 AM-9:30 AM
1019003,1,05/05/2018 to 11/17/2018,Sat: 9:00 AM-1:00 PM
1021369,1,05/08/2021 to 05/08/2021,Sat: 10:00 AM-2:00 PM
1021369,2,10/17/2020 to 10/17/2020,Sat: 9:00 AM-2:30 PM
1021743,1,05/14/2022 to 05/14/2022,Sat: 9:00 AM-2:00 PM
1021349,1,11/06/2021 to 11/06/2021,Sat: 10:00 AM-2:00 PM
1020011,1,01/01/2020 to 12/31/2020,Sat: 9:00 AM-1:00 PM
1021742,1,06/16/2022 to 06/16/2022,Thu: 4:30 PM-7:30 PM
1021567,1,04/03/2021 to 04/03/2021,Sat: 9:00 AM-12:00 PM
1010636,1,05/05/2021 to 05/05/2021,Wed: 11:00 AM-1:00 PM
1019120,1,04/28/2018 to 10/27/2018,Sat: 8:00 AM-12:00 PM
1003269,1,01/01/2019 to 04/27/2019,Sat: 10:00 AM-2:00 PM
1003269,2,05/11/2019 to 11/17/2019,Sat: 9:00 AM-2:00 PM
1019491,1,05/03/2019 to 10/25/2019,Fri: 4:00 PM-7:00 PM
1020032,1,04/01/2020 to 10/08/2020,Thu: 3:00 PM-7:00 PM
1019266,1,05/05/2018 to 10/27/2018,Sat: 7:00 AM-12:00 PM
1019212,1,07/23/2018 to 09/24/2018,Mon: 5:00 PM-7:00 PM
1011117,1,06/06/2021 to 06/06/2021,Sun: 10:00 AM-2:00 PM
1021332,1,05/01/2021 to 05/01/2021,Fri: 7:00 AM-7:00 PM
1020075,1,05/28/2020 to 10/29/2020,Thu: 4:00 PM-7:00 PM
1021633,1,01/01/2021 to 01/01/2021,Sun: 8:00 AM-1:00 PM
1021244,1,11/20/2020 to 12/18/2020,Fri: 3:00 PM-5:00 PM
1021250,1,01/01/2020 to 12/31/2020,Sun: 9:00 AM-3:00 PM
1021345,1,01/01/2021 to 01/01/2021,Thu: 2:00 PM-7:00 PM
1003343,1,07/09/2019 to 11/12/2019,Tue: 8:00 AM-3:00 PM
1019986,1,07/07/2020 to 11/17/2020,Tue: 8:00 AM-2:00 PM
1020123,1,05/08/2021 to 05/08/2021,Sat: 9:00 AM-1:00 PM
1019506,1,04/06/2019 to 11/30/2019,Wed: 8:00 AM-5:00 PMSat: 8:00 AM-3:00 PM
1019649,1,06/28/2019 to ,Fri: 4:00 PM-8:00 PM
1019409,1,06/01/2019 to 08/31/2019,Sat: 7:00 AM-12:00 PM
1019103,1,06/05/2018 to 09/25/2018,Tue: 3:00 PM-7:00 PM
1012206,1,06/27/2018 to 10/17/2018,Wed: 2:00 PM-6:00 PM
1019850,1,05/12/2020 to 10/20/2020,Tue: 8:00 AM-12:30 PM
1019851,1,05/08/2020 to 10/23/2020,Fri: 8:00 AM-12:30 PM
1019198,1,01/01/2018 to 12/31/2018,Sat: 9:00 AM-12:00 PM
1002021,1,01/01/2018 to 12/31/2018,Wed: 9:00 AM-2:00 PMSat: 8:00 AM-12:00 PM
1002521,1,06/10/2021 to 06/10/2021,Thu: 5:30 PM-7:30 PM
1019427,1,07/11/2019 to 09/26/2019,Thu: 10:00 AM-2:00 PM
1020051,1,02/09/2020 to 08/30/2020,Sun: 9:00 AM-12:00 PM
1019035,1,05/16/2018 to 10/31/2018,Wed: 3:30 PM-6:30 PM
1019035,2,06/02/2018 to 09/29/2018,Sat: 9:00 AM-12:00 PM
1021683,1,05/17/2022 to 05/17/2022,Tue: 3:00 PM-6:00 PM
1019852,1,05/01/2021 to 05/01/2021,Sat: 8:30 AM-12:00 PM
1019352,1,02/06/2021 to 02/06/2021,Sat: 10:00 AM-12:00 PM
1019352,2,06/05/2021 to 06/05/2021,Sat: 9:00 AM-12:00 PM
1019352,3,10/02/2021 to 10/02/2021,Sat: 10:00 AM-12:00 PM
1005352,1,11/02/2019 to 12/29/2019,Sat: 10:00 AM-5:00 PMSun: 10:00 AM-5:00 PM
1009803,1,02/02/2019 to 03/30/2019,Sat: 10:00 AM-2:00 PM
1009803,2,04/06/2019 to 10/29/2019,Tue: 10:00 AM-3:00 PMSat: 9:00 AM-3:00 PM
1019756,1,05/15/2021 to 05/15/2021,Sat: 9:00 AM-12:30 PM
1021291,1,05/22/2021 to 05/22/2021,Sat: 9:00 AM-1:00 PM
1012344,1,05/07/2019 to 09/24/2019,Tue: 3:00 PM-6:00 PM
1019030,1,05/31/2018 to 07/26/2018,Thu: 5:00 PM-8:00 PM
1018834,1,07/11/2020 to 09/26/2020,Sun: 9:00 AM-1:00 PM
1021324,1,04/10/2021 to 04/10/2021,Sat: 7:30 AM-11:30 AM
1021325,1,05/04/2021 to 05/04/2021,Tue: 4:00 PM-6:00 PM
1019450,1,06/04/2019 to 10/29/2019,Tue: 4:00 PM-7:00 PM
1016810,1,05/04/2018 to 10/05/2018,Fri: 4:00 PM-7:00 PM
1018113,1,05/22/2021 to 05/22/2021,Sat: 9:00 AM-12:00 PM
1019158,1,01/01/2018 to 12/31/2018,Sat: 10:00 AM-3:00 PMSun: 10:00 AM-3:00 PM
1006652,1,01/01/2020 to 12/31/2020,Sat: 9:00 AM-2:00 PM
1002768,1,06/10/2021 to 06/10/2021,Thu: 9:00 AM-1:00 PM
1019512,1,04/27/2019 to 10/26/2019,Tue: 9:00 AM-1:00 PMSat: 8:00 AM-12:00 PM
1010483,1,01/01/2018 to 12/31/2018,Tue: 8:00 AM-2:00 PMSat: 8:00 AM-2:00 PM
1016916,1,05/04/2018 to 10/26/2018,Fri: 3:30 PM-6:30 PM
1016916,2,11/02/2018 to 04/19/2019,Fri: 3:30 AM-6:30 PM
1004651,1,06/20/2013 to 09/26/2013,Thu: 11:00 AM-3:00 PM
1019503,1,06/19/2019 to 09/04/2019,Wed: 5:00 PM-8:00 PM
1019808,1,05/10/2020 to 10/25/2020,Sun: 10:00 AM-2:00 PM
1019726,1,12/15/2019 to 02/23/2020,Sun: 9:00 AM-12:00 PM
1021470,1,06/01/2021 to 06/01/2021,Tue: 2:00 PM-6:30 PM
1019346,1,01/05/2019 to 04/13/2019,Sat: 11:00 AM-2:00 PM
1018927,1,05/19/2018 to 09/29/2018,Sat: 8:00 AM-12:00 PM
1021361,1,05/07/2021 to 05/07/2021,Fri: 4:00 PM-7:00 PM
1004848,1,04/05/2018 to 11/01/2018,Thu: 4:00 PM-5:30 PM
1011300,1,01/01/2020 to 12/31/2020,Wed: 3:00 PM-8:00 PM
1020132,1,01/01/2020 to 12/31/2020,Wed: 3:00 PM-8:00 PM
1019304,1,06/06/2021 to 06/06/2021,Sun: 11:00 AM-3:00 PM
1021198,1,01/01/2020 to 03/01/2020,Thu: 2:00 PM-6:00 PM
1021198,2,04/01/2020 to 09/01/2020,Thu: 3:00 PM-7:00 PM
1021198,3,10/01/2020 to 12/01/2020,Thu: 2:00 PM-6:00 PM
1019167,1,05/18/2019 to 09/28/2019,Sat: 9:00 AM-1:00 PM
1019678,1,06/15/2019 to 10/12/2019,Sat: 10:00 AM-1:00 PM
1019679,1,10/19/2019 to 06/13/2020,Sat: 10:00 AM-1:00 PM
1019207,1,06/25/2018 to 09/24/2018,Mon: 3:00 PM-6:00 PM
1019995,1,01/01/2020 to 12/31/2020,Sat: 8:00 AM-2:00 PM
1021390,1,04/17/2021 to 04/17/2021,Thu: 8:00 AM-11:00 AMSat: 8:00 AM-11:00 AM
1012027,1,05/06/2021 to 05/06/2021,Thu: 10:00 AM-3:00 PM
1019538,1,05/29/2019 to 09/18/2019,Wed: 4:30 PM-7:30 PM
1018418,1,07/10/2021 to 07/10/2021,Sat: 9:00 AM-2:00 PM
1018901,1,05/01/2018 to 10/31/2018,Wed: 2:00 PM-6:00 PM
1020094,1,06/02/2020 to 10/24/2020,Tue: 3:00 PM-6:00 PMSat: 7:30 AM-12:00 PM
1019494,1,05/05/2019 to 11/17/2019,Sun: 9:00 AM-1:00 PM
1000462,1,05/04/2021 to 05/04/2021,Tue: 3:00 PM-6:30 PM
1016820,1,06/11/2020 to 10/15/2020,Thu: 3:30 PM-7:00 PM
1021727,1,06/09/2022 to 06/09/2022,Thu: 10:00 AM-3:00 PM
1011233,1,01/01/2021 to 01/01/2021,Sat: 11:00 AM-4:00 PM
1018922,1,06/02/2018 to 10/27/2018,Sat: 8:00 AM-2:00 PM
1011800,1,05/01/2018 to 10/31/2018,Sat: 9:00 AM-1:00 PM
1021257,1,09/01/2012 to ,Fri: 3:00 PM-7:00 PM
1019177,1,01/01/2018 to 12/31/2018,Sun: 9:00 AM-1:00 PM
1019177,2,01/01/2019 to 12/31/2019,Sun: 9:00 AM-1:00 PM
1019176,1,05/05/2018 to 10/27/2018,Sat: 9:00 AM-1:00 PM
1019940,1,01/01/2021 to 12/31/2021,Tue: 7:00 AM-2:00 PMWed: 7:00 AM-2:00 PMThu: 7:00 AM-2:00 PMFri: 7:00 AM-2:00 PMSat: 7:00 AM-2:00 PM
1019435,1,06/01/2019 to 09/28/2019,Sat: 10:00 AM-2:00 PM
1011538,1,06/04/2020 to 08/13/2020,Thu: 8:30 AM-12:30 PM
1000481,1,05/12/2018 to 10/06/2018,Sat: 8:00 AM-12:00 PM
1012249,1,07/10/2018 to 10/09/2018,Tue: 9:00 AM-12:30 PM
1005201,1,05/31/2018 to 10/25/2018,Thu: 2:00 PM-7:00 PM
1021339,1,05/14/2021 to 05/14/2021,Fri: 3:00 PM-7:00 PM
1019360,1,01/01/2019 to 02/23/2019,Sat: 8:00 AM-12:00 PM
1019360,2,11/09/2019 to 02/29/2020,Sat: 8:00 AM-12:00 PM
1021197,1,07/04/2020 to 09/26/2020,Sat: 8:00 AM-11:00 AM
1021197,2,10/03/2020 to 11/21/2020,Sat: 8:00 AM-12:00 PM
1018407,1,06/12/2021 to 09/25/2021,Tue: 8:00 AM-12:00 PMSat: 8:00 AM-12:00 PM
1005528,1,05/20/2021 to 05/20/2021,Thu: 3:00 PM-6:00 PM
1006837,1,06/03/2020 to 10/28/2020,Wed: 4:00 PM-8:00 PM
1011119,1,05/01/2018 to 09/25/2018,Tue: 4:30 PM-6:00 PM
1019706,1,11/06/2021 to 11/06/2021,Sat: 11:00 AM-1:00 PM
1019706,2,01/01/2021 to 01/01/2021,Sat: 11:00 AM-1:00 PM
1021624,1,05/22/2021 to 05/22/2021,Sat: 8:00 AM-12:00 PM
1021624,2,05/21/2022 to 05/21/2022,Sat: 8:00 AM-12:00 PM
1019752,1,06/20/2020 to 09/26/2020,Sat: 9:00 AM-12:00 PM
1019501,1,06/03/2021 to 06/03/2021,Thu: 7:00 AM-1:00 PM
1005256,1,01/01/2019 to 12/31/2019,Mon: 8:30 AM-9:30 AM
1019969,1,07/01/2020 to 08/19/2020,Wed: 4:30 PM-7:30 PM
1003980,1,06/20/2018 to 09/05/2018,Wed: 4:00 PM-7:00 PM
1018217,1,05/25/2019 to 10/05/2019,Sat: 8:00 AM-1:00 PM
1018998,1,05/16/2018 to 09/26/2018,Wed: 4:00 PM-6:00 PM
1005257,1,01/01/2019 to 12/31/2019,Mon: 6:30 AM-7:30 AM
1019111,1,04/28/2018 to 10/27/2018,Sat: 8:00 AM-1:00 PM
1010286,1,06/16/2018 to 09/29/2018,Wed: 8:30 AM-11:30 AMSat: 8:30 AM-11:30 AM
1018310,1,07/13/2021 to 07/13/2021,Tue: 4:00 PM-6:00 PM
1005218,1,06/11/2021 to 06/11/2021,Fri: 4:00 PM-7:00 PM
1005218,2,06/11/2021 to 06/11/2021,Fri: 4:00 PM-7:00 PM
1016799,1,07/11/2020 to 09/26/2020,Sat: 9:00 AM-2:00 PM
1003238,1,01/01/2018 to 12/31/2018,Sat: 9:00 AM-12:00 PMSun: 12:00 PM-3:00 PM
1021358,1,06/02/2021 to 06/02/2021,Wed: 3:00 PM-6:00 PM
1019058,1,05/10/2018 to 10/11/2018,Thu: 4:00 PM-7:00 PM
1012031,1,05/01/2021 to 05/01/2021,Sat: 10:00 AM-3:00 PM
1000242,1,04/25/2020 to 07/11/2020,Sat: 7:30 AM-12:00 PM
1000242,2,10/10/2020 to 11/21/2020,Sat: 7:30 AM-12:00 PM
1019022,1,07/18/2018 to 09/26/2018,Wed: 3:00 PM-7:00 PM
1000616,1,05/28/2020 to 07/09/2020,Thu: 3:00 PM-6:00 PM
1019185,1,01/01/2018 to 12/31/2018,Mon: 4:00 PM-6:00 PM
1019866,1,05/22/2020 to 07/24/2020,Fri: 9:00 AM-12:00 PM
1019806,1,06/02/2021 to 06/02/2021,Wed: 9:30 AM-1:30 PM
1011972,1,06/07/2018 to 10/25/2018,Thu: 3:00 PM-7:00 PM
1021341,1,06/01/2021 to 06/01/2021,Tue: 4:00 PM-6:30 PM
1019189,1,05/01/2021 to 05/01/2021,Wed: 11:00 AM-1:00 PMSat: 9:00 AM-1:00 PM
1019843,1,05/15/2020 to 10/09/2020,Fri: 11:00 AM-5:00 PM
1020190,1,05/02/2020 to 11/28/2020,Sun: 8:00 AM-12:00 PM
1002929,1,01/09/2021 to 01/09/2021,Sat: 10:00 AM-12:00 PM
1002929,2,05/21/2021 to 05/21/2021,Fri: 2:00 PM-6:00 PM
1002929,3,10/23/2021 to 10/23/2021,Sat: 10:00 AM-2:00 PM
1019659,1,06/06/2019 to 08/22/2019,Thu: 5:30 PM-7:30 PM
1018976,1,05/03/2018 to 10/11/2018,Thu: 4:30 PM-7:30 PM
1011139,1,04/17/2021 to 04/17/2021,Sat: 8:30 AM-11:30 PM
1019902,1,01/01/2021 to 01/01/2021,Sat: 9:00 AM-1:00 PM
1001281,1,07/13/2019 to 09/28/2019,Sat: 9:00 AM-1:00 PM
1005642,1,07/14/2018 to 10/13/2018,Sat: 10:00 AM-1:00 PM
1005642,2,07/12/2018 to 08/23/2018,Thu: 12:00 PM-5:00 PM
1003199,1,01/01/2021 to 01/01/2021,Mon: 8:30 AM-6:00 PMTue: 8:30 AM-6:00 PMWed: 8:30 AM-6:00 PMThu: 8:30 AM-6:00 PMFri: 8:30 AM-6:00 PMSat: 8:30 AM-3:00 PMSun: 12:00 PM-3:00 PM
1019300,1,06/04/2019 to 08/27/2019,Tue: 5:00 PM-8:00 PM
1019968,1,05/02/2020 to 10/31/2020,Tue: 2:00 PM-6:00 PMSat: 7:00 AM-12:00 PM
1019487,1,05/01/2019 to 12/18/2019,Wed: 8:00 AM-12:00 PM
1020134,1,06/01/2020 to 10/31/2020,Thu: 3:30 AM-6:30 PM
1019490,1,05/03/2019 to 11/15/2019,Fri: 8:00 AM-12:00 PM
1020081,1,05/02/2020 to 10/17/2020,Tue: 11:00 AM-2:00 PMSat: 9:00 AM-12:00 PM
1019634,1,06/06/2019 to 10/17/2019,Thu: 3:00 PM-7:00 PM
1019634,2,11/24/2019 to 11/24/2019,Sun: 10:00 AM-2:00 PM
1021314,1,01/01/2021 to 01/01/2021,Sun: 10:00 AM-1:00 PM
1018908,1,04/16/2018 to ,Mon: 9:00 AM-4:00 PMTue: 9:00 AM-4:00 PMWed: 9:00 AM-4:00 PMThu: 9:00 AM-4:00 PMFri: 9:00 AM-4:00 PM
1019759,1,05/02/2020 to 10/31/2020,Sat: 10:00 AM-1:00 PM
1021209,1,04/04/2020 to 10/31/2020,Sat: 8:00 AM-1:00 PM
1020199,1,05/15/2020 to 10/30/2020,Tue: 10:00 AM-1:00 PMFri: 4:00 PM-7:00 PM
1002905,1,01/01/2021 to 12/31/2021,Sun: 9:00 AM-1:00 PM
1019816,1,06/06/2020 to 09/26/2020,Sat: 9:00 AM-12:00 PM
1019816,2,10/03/2020 to 11/14/2020,Sat: 9:00 AM-12:00 PM
1021357,1,06/05/2021 to 06/05/2021,Sat: 9:00 AM-12:00 PM
1018093,1,06/02/2018 to 10/27/2018,Sat: 10:00 AM-2:00 PM
1019464,1,04/13/2019 to 10/12/2019,Sat: 9:00 AM-2:00 PM
1021458,1,05/22/2021 to 05/22/2021,Sat: 9:00 AM-2:00 PM
1019137,1,06/02/2018 to 09/29/2018,Sat: 10:00 AM-2:00 PM
1000021,1,05/01/2018 to 10/31/2018,Wed: 7:00 AM-12:00 PMSat: 7:00 AM-11:00 AM
1011076,1,05/05/2018 to 10/27/2018,Wed: 9:00 AM-12:30 PMSat: 9:00 AM-12:30 PM
1011076,2,11/03/2018 to 04/27/2019,Sat: 9:00 AM-12:00 PM
1020087,1,05/06/2020 to 10/28/2020,Wed: 3:00 AM-6:00 PM
1019683,1,05/02/2019 to 10/17/2019,Thu: 4:00 PM-7:00 PM
1019777,1,05/01/2021 to 05/01/2021,Wed: 7:00 AM-1:00 PMSat: 7:00 AM-1:00 PM
1019777,2,11/06/2021 to 11/06/2021,Sat: 9:00 AM-12:00 PM
1006681,1,06/01/2020 to 10/10/2020,Sat: 9:00 AM-12:30 PM
1009658,1,01/01/2019 to 12/31/2019,Tue: 11:30 AM-12:30 PM
1020034,1,09/12/2020 to 12/19/2020,Sat: 9:00 AM-11:00 AM
1020035,1,05/16/2020 to 09/05/2020,Sat: 9:00 AM-1:00 PM
1020038,1,06/03/2020 to 09/30/2020,Wed: 11:00 AM-2:00 PM
1010485,1,05/01/2021 to 05/01/2021,Tue: 3:00 PM-6:00 PM
1018486,1,04/20/2018 to 10/05/2018,Fri: 3:00 PM-6:00 PM
1021454,1,11/06/2021 to 11/06/2021,Sat: 8:30 AM-12:30 PM
1019239,1,05/05/2018 to 10/27/2018,Sat: 8:00 AM-12:00 PM
1019716,1,11/16/2019 to 04/18/2020,Sat: 9:00 AM-12:00 PM
1019716,2,05/02/2020 to 10/31/2020,Sat: 8:00 AM-12:00 PM
1006069,1,07/03/2021 to 07/03/2021,Sat: 9:00 AM-2:00 PM
1020195,1,03/26/2020 to 11/19/2020,Thu: 3:00 PM-7:00 PM
1016862,1,06/07/2018 to 09/27/2018,Thu: 4:30 PM-8:00 PM
1021493,1,03/01/2021 to 03/01/2021,Sat: 10:00 AM-2:00 PM
1010037,1,01/01/2018 to 12/31/2018,Wed: 9:00 AM-2:00 PM
1001104,1,05/14/2018 to 10/08/2018,Mon: 7:00 AM-11:30 AM
1006547,1,01/01/2021 to 01/01/2021,Tue: 7:00 AM-12:00 PMSat: 7:00 AM-12:00 PM
1006547,2,06/15/2021 to 06/15/2021,Tue: 3:00 PM-7:00 PMSat: 7:00 AM-1:00 PM
1012314,1,05/01/2021 to 05/01/2021,Wed: 1:00 AM-3:00 PMSat: 8:00 AM-1:00 PM
1012314,2,11/13/2021 to 11/13/2021,Sat: 9:00 AM-12:00 PM
1019844,1,05/03/2020 to 10/25/2020,Sun: 10:00 AM-2:00 PM
1004297,1,06/01/2020 to 08/17/2020,Mon: 3:00 PM-6:00 PM
1020085,1,06/20/2020 to 10/14/2020,Wed: 7:00 AM-12:00 PMSat: 7:00 AM-12:00 PM
1021377,1,05/22/2021 to 05/22/2021,Sat: 8:00 AM-2:00 PM
1011901,1,05/03/2018 to 10/04/2018,Thu: 4:00 PM-7:00 PM
1019507,1,05/11/2019 to 10/26/2019,Sat: 9:00 AM-1:00 PM
1019507,2,11/02/2019 to 12/21/2019,Sat: 10:00 AM-1:00 PM
1019507,3,01/04/2020 to 05/02/2020,Sat: 10:00 AM-1:00 PM
1021430,1,05/20/2021 to 05/20/2021,Thu: 4:00 PM-8:00 PM
1019480,1,05/01/2019 to 10/30/2019,Wed: 2:00 PM-7:00 PM
1018573,1,06/01/2018 to 09/01/2018,Thu: 11:00 AM-1:00 PM
1018314,1,05/09/2020 to 10/10/2020,Sat: 9:00 AM-1:00 PM
1018317,1,05/05/2020 to 09/29/2020,Tue: 3:00 PM-7:00 PM
1021252,1,10/24/2020 to 12/19/2020,Sat: 9:00 AM-12:30 PM
1012560,1,05/06/2020 to 10/28/2020,Wed: 12:00 PM-4:00 PM
1012560,2,05/02/2020 to 10/31/2020,Sat: 8:00 AM-12:00 PM
1021656,1,01/01/2022 to 01/01/2022,Sun: 8:00 AM-11:30 AM
1021467,1,12/05/2021 to 12/05/2021,Sun: 10:00 AM-1:00 PM
1020162,1,01/01/2020 to 12/31/2020,Sat: 2:30 PM-5:30 PM
1005559,1,06/02/2020 to 10/27/2020,Tue: 12:00 PM-5:00 PM
1005499,1,05/22/2021 to 05/22/2021,Sat: 8:00 AM-12:00 PM
1018991,1,01/01/2018 to 12/31/2018,Sat: 9:00 AM-12:30 PM
1004717,1,04/06/2021 to 04/06/2021,Tue: 3:30 PM-7:00 PM
1018995,1,01/01/2021 to 12/31/2021,Sat: 9:00 AM-1:00 PM
1000585,1,06/01/2021 to 06/01/2021,Wed: 10:00 AM-1:00 PMSat: 10:00 AM-1:00 PM
1021307,1,06/17/2021 to 06/17/2021,Thu: 2:00 PM-6:00 PM
1021288,1,06/19/2021 to 06/19/2021,Sat: 9:00 AM-2:00 PM
1021287,1,05/06/2021 to 05/06/2021,Thu: 7:30 AM-2:00 PM
1021571,1,06/05/2021 to 06/05/2021,Wed: 4:00 PM-7:00 PMSat: 8:00 AM-12:00 PM
1010316,1,01/01/2014 to 01/01/2014,Wed: 3:30 PM-6:00 PM
1012725,1,06/26/2021 to 06/26/2021,Sat: 9:30 AM-2:30 PM
1018931,1,05/29/2018 to 10/02/2018,Tue: 4:00 PM-7:00 PM
1018903,1,01/01/2018 to 12/31/2018,Mon: 10:30 AM-5:30 PM
1019682,1,04/13/2019 to 10/26/2019,Sat: 9:00 AM-12:00 PM
1019682,2,11/16/2019 to 04/04/2020,Sat: 7:00 AM-10:30 AM
1011535,1,01/04/2020 to 12/26/2020,Sat: 8:00 AM-12:00 PM
1011535,2,04/07/2020 to 10/27/2020,Tue: 8:00 AM-12:00 PM
1020055,1,05/16/2020 to 10/31/2020,Sat: 10:00 AM-1:00 PM
1003081,1,04/03/2021 to 04/03/2021,Sat: 8:00 AM-1:00 PM
1003081,2,06/05/2021 to 06/05/2021,Tue: 3:00 PM-6:00 PM
1020017,1,11/07/2020 to 11/07/2020,Sat: 9:00 AM-1:00 PM
1021715,1,06/22/2022 to 06/22/2022,Wed: 3:00 PM-5:00 PMSat: 8:00 AM-1:00 PM
1021642,1,05/22/2022 to 05/22/2022,Sun: 10:00 AM-2:00 PM
1021642,2,10/03/2021 to 10/03/2021,Sun: 10:00 AM-4:00 PM
1018702,1,05/27/2018 to 11/18/2018,Sun: 12:00 PM-4:00 PM
1019737,1,05/02/2020 to 10/03/2020,Sat: 9:00 AM-12:00 PM
1019908,1,07/06/2020 to 10/26/2020,Mon: 3:00 PM-6:00 PM
1019725,1,05/03/2020 to 10/25/2020,Sun: 9:00 AM-2:00 PM
1019725,2,11/28/2020 to 11/28/2020,Sat: 10:00 AM-3:00 PM
1012739,1,06/03/2019 to 10/28/2019,Mon: 2:00 PM-6:00 PM
1012738,1,06/01/2019 to 10/26/2019,Sat: 10:00 AM-2:00 PM
1019348,1,06/06/2019 to 10/24/2019,Thu: 2:00 PM-6:00 PM
1012737,1,11/15/2018 to 05/30/2019,Thu: 2:00 PM-5:30 PMSat: 10:00 AM-2:00 PM
1021478,1,01/01/2021 to 01/01/2021,Wed: 10:00 AM-1:00 PM
1021601,1,06/22/2021 to 06/22/2021,Tue: 4:00 PM-7:00 PM
1019227,1,05/10/2019 to 10/18/2019,Fri: 3:00 PM-6:30 PM
1021632,1,04/23/2021 to 04/23/2021,Sat: 9:00 AM-12:00 PM
1020043,1,04/22/2021 to 04/22/2021,Thu: 3:00 PM-6:00 PM
1005939,1,06/27/2018 to 10/31/2018,Wed: 11:00 AM-2:00 PM
1005991,1,05/16/2018 to 10/17/2018,Wed: 4:00 PM-7:00 PM
1021336,1,02/18/2021 to 02/18/2021,Tue: 3:00 PM-6:00 PMThu: 12:00 PM-3:00 PM
1021549,1,06/12/2021 to 06/12/2021,Sat: 9:00 AM-2:00 PM
1021708,1,07/07/2022 to 07/07/2022,Thu: 5:00 PM-7:00 PM
1019240,1,01/01/2021 to 01/01/2021,Sun: 9:00 AM-1:00 PM
1019294,1,04/28/2018 to ,
1010614,1,06/12/2021 to 06/12/2021,Sat: 10:00 AM-1:00 PM
1021279,1,02/11/2021 to 02/11/2021,Thu: 1:00 PM-4:00 PM
1021279,2,05/13/2021 to 05/13/2021,Thu: 1:00 PM-4:00 PM
1020066,1,01/01/2020 to 12/31/2020,Thu: 3:00 PM-7:00 PM
1021518,1,07/10/2021 to 07/10/2021,Sat: 8:00 AM-12:00 PM
1021243,1,06/03/2020 to 12/16/2020,Wed: 3:00 PM-6:00 PM
1021434,1,05/05/2021 to 05/05/2021,Wed: 3:00 PM-6:00 PM
1018875,1,06/05/2019 to 09/25/2019,Wed: 3:00 PM-6:00 PM
1021344,1,06/03/2021 to 06/03/2021,Thu: 4:00 PM-7:00 PM
1018184,1,05/18/2018 to 10/30/2018,Tue: 4:00 PM-6:30 PMFri: 4:00 PM-6:30 PM
1018550,1,06/02/2018 to 11/10/2018,Sat: 8:00 AM-1:00 PMSun: 10:00 AM-3:00 PM
1001059,1,05/07/2021 to 05/07/2021,Fri: 10:00 AM-3:00 PM
1004865,1,07/11/2015 to 07/11/2015,Sat: 11:00 AM-2:00 PM
1009884,1,05/23/2020 to 11/21/2020,Sat: 8:00 AM-12:00 PM
1018455,1,05/01/2018 to 10/31/2018,Mon: 8:00 AM-6:00 PMTue: 8:00 AM-6:00 PMWed: 8:00 AM-6:00 PMThu: 8:00 AM-6:00 PMFri: 8:00 AM-6:00 PMSat: 8:00 AM-6:00 PM
1019640,1,05/14/2019 to 09/17/2019,Tue: 3:00 AM-6:30 PM
1003694,1,06/16/2021 to 06/16/2021,Wed: 7:00 AM-1:00 PM
1006780,1,05/16/2020 to 10/17/2020,Sat: 9:00 AM-1:00 PM
1010755,1,05/02/2015 to 05/02/2015,Wed: 9:00 AM-1:00 PMSat: 9:00 AM-1:00 PM
1002764,1,06/04/2021 to 06/04/2021,Fri: 9:00 AM-1:00 PM
1018728,1,03/14/2018 to 10/31/2018,Wed: 5:00 PM-9:00 PM
1019815,1,01/01/2021 to 12/31/2021,Wed: 4:00 PM-6:00 PM
1021379,1,05/09/2021 to 05/09/2021,Sun: 8:30 AM-12:30 PM
1021379,2,10/31/2021 to 10/31/2021,Sun: 10:00 AM-1:00 PM
1021554,1,05/06/2021 to 05/06/2021,Thu: 8:00 AM-3:00 PM
1019008,1,01/06/2021 to 01/06/2021,Mon: 12:00 PM-6:00 PMTue: 12:00 PM-6:00 PMWed: 10:00 AM-2:00 PMThu: 12:00 PM-6:00 PMFri: 12:00 PM-4:00 PMSun: 12:00 PM-6:00 PM
1019345,1,01/09/2021 to 01/09/2021,Sat: 11:00 AM-1:00 PM
1020054,1,04/05/2020 to 12/27/2020,Sun: 8:30 AM-1:00 PM
1020054,2,01/05/2020 to 03/29/2020,Sun: 9:00 AM-1:00 PM
1019127,1,06/17/2018 to 10/28/2018,Sun: 9:00 AM-2:00 PM
1019828,1,06/02/2018 to 10/01/2018,Sat: 9:00 AM-3:00 PM
1019828,2,06/08/2019 to 10/01/2019,Sat: 9:00 AM-2:00 PM
1019828,3,06/06/2020 to 10/01/2020,Sat: 9:00 AM-2:00 PM
1021566,1,01/01/2021 to 01/01/2021,Sun: 2:00 PM-5:00 PM
1019488,1,05/01/2019 to 11/13/2019,Wed: 8:00 AM-12:00 PM
1018829,1,06/07/2017 to 08/30/2017,Wed: 4:00 PM-7:30 PM
1019223,1,07/06/2018 to 09/07/2018,Fri: 3:00 PM-7:30 PM
1019353,1,01/01/2019 to 12/31/2019,Sat: 9:00 AM-2:00 PM
1001839,1,01/01/2018 to 12/31/2018,Wed: 4:00 PM-8:00 PM
1019200,1,01/01/2018 to 12/31/2018,Sat: 8:00 AM-1:00 PM
1021412,1,05/15/2021 to 05/15/2021,Sat: 9:00 AM-12:00 PM
1021413,1,05/20/2021 to 05/20/2021,Thu: 4:00 PM-7:00 PM
1021356,1,05/12/2021 to 05/12/2021,Wed: 8:00 AM-12:00 PMSat: 8:00 AM-12:00 PM
1020130,1,01/01/2021 to 01/01/2021,Tue: 3:00 PM-7:00 PM
1020131,1,01/01/2020 to 12/31/2020,Tue: 3:00 PM-8:00 PM
1020146,1,01/01/2020 to 12/31/2020,Fri: 8:00 AM-2:00 PM
1010865,1,04/01/2020 to ,Sat: 9:00 AM-1:00 PM
1019646,1,04/04/2019 to 10/27/2019,Thu: 10:00 AM-3:00 PMFri: 10:00 AM-3:00 PMSat: 10:00 AM-3:00 PMSun: 10:00 AM-3:00 PM
1019646,2,11/02/2019 to 12/29/2019,Sat: 10:00 AM-3:00 PMSun: 10:00 AM-3:00 PM
1019646,3,01/04/2020 to 03/28/2020,Sat: 10:00 AM-3:00 PM
1018655,1,05/05/2019 to 10/13/2019,Sun: 9:00 AM-1:00 PM
1021685,1,04/02/2022 to 04/02/2022,Sat: 9:00 AM-4:00 PM
1001034,1,06/17/2021 to 06/17/2021,Thu: 12:00 PM-6:00 PM
1019317,1,04/10/2021 to 04/10/2021,Sat: 8:30 AM-1:30 PM
1019317,2,04/13/2021 to 04/13/2021,Tue: 9:30 AM-1:30 PM
1021608,1,06/06/2021 to 06/06/2021,Sun: 10:00 AM-2:00 PM
1018807,1,06/24/2021 to 06/24/2021,Thu: 3:30 PM-7:00 PM
1018807,2,11/18/2021 to 11/18/2021,Thu: 3:30 PM-7:00 PM
1020114,1,01/01/2021 to 12/31/2021,Sat: 9:00 AM-1:00 PM
1018920,1,09/06/2020 to 09/06/2020,Sun: 10:00 AM-3:00 PM
1018920,2,09/05/2021 to 09/05/2021,Sun: 10:00 AM-3:00 PM
1019202,1,01/01/2018 to 12/31/2018,Sat: 8:00 AM-12:00 PM
1020198,1,05/09/2020 to 12/26/2020,Sat: 9:00 AM-1:00 PM
1008360,1,01/01/2018 to 12/31/2018,Thu: 8:00 AM-1:00 PM
1019416,1,06/04/2019 to 10/01/2019,Tue: 11:00 AM-3:00 PM
1019023,1,06/02/2018 to 10/27/2018,Sat: 8:00 AM-12:30 PM
1019025,1,11/03/2018 to 04/27/2019,Sat: 9:00 AM-12:30 PM
1021699,1,06/05/2022 to 06/05/2022,Sun: 9:00 AM-1:00 PM
1021215,1,07/06/2020 to 09/07/2020,Mon: 4:00 PM-6:30 PM
1020023,1,06/19/2020 to 09/25/2020,Fri: 3:00 PM-7:00 PM
1004212,1,05/08/2020 to 10/31/2020,Wed: 8:00 AM-12:00 PMSat: 7:00 AM-12:00 PM
1021335,1,01/01/2021 to 01/01/2021,Sat: 9:00 AM-12:00 PM
1021335,2,05/04/2021 to 05/04/2021,Tue: 4:00 PM-7:00 PM
1012777,1,01/01/2020 to 12/31/2020,Thu: 9:00 AM-1:30 PM
1008946,1,06/02/2019 to 09/29/2019,Sun: 10:00 AM-2:00 PM
1021721,1,04/16/2022 to 04/16/2022,Sat: 7:30 AM-2:00 PM
1021722,1,05/03/2022 to 05/03/2022,Tue: 3:00 PM-7:00 PM
1021599,1,05/01/2021 to 05/01/2021,Sat: 7:30 AM-11:00 AM
1021599,2,10/02/2021 to 10/02/2021,Sat: 8:30 AM-12:00 PM
1021200,1,01/01/2020 to 12/31/2020,Fri: 3:00 PM-7:00 PM
1019723,1,01/11/2020 to 03/28/2020,Sat: 9:00 AM-2:00 PM
1021648,1,01/08/2022 to 01/08/2022,Sat: 9:00 AM-1:00 PM
1019102,1,06/25/2018 to 11/26/2018,Mon: 9:00 AM-12:00 PM
1005248,1,01/01/2019 to 12/31/2019,Wed: 6:30 AM-7:30 AM
1018687,1,11/17/2018 to 03/01/2019,Sat: 8:00 AM-12:00 PM
1011995,1,01/01/2016 to 01/01/2016,Sun: 8:00 AM-1:00 PM
1021491,1,06/19/2021 to 06/19/2021,Sat: 6:00 PM-9:00 PM
1019755,1,01/01/2020 to 12/31/2020,Sun: 9:00 AM-2:00 PM
1019761,1,01/01/2020 to 12/31/2020,Sun: 9:00 AM-2:00 PM
1019939,1,01/01/2020 to 12/31/2020,Sat: 11:00 AM-1:00 PM
1019674,1,06/15/2019 to 10/12/2019,Sat: 9:00 AM-1:00 PM
1019910,1,07/01/2020 to 10/28/2020,Wed: 3:00 PM-6:00 PM
1018944,1,11/04/2017 to 04/28/2018,Sat: 9:00 AM-1:00 PM
1021735,1,05/07/2022 to 05/07/2022,Sat: 9:00 AM-12:00 PM
1019068,1,07/10/2018 to 08/28/2018,Tue: 4:00 PM-7:00 PM
1021718,1,06/19/2022 to 06/19/2022,Sun: 9:00 AM-1:00 PM
1020175,1,05/01/2020 to 10/16/2020,Fri: 4:30 PM-7:30 PM
1018466,1,06/06/2021 to 06/06/2021,Sun: 9:00 AM-12:00 PM
1019454,1,01/01/2019 to 12/31/2019,Sun: 10:00 AM-2:00 PM
1020072,1,05/02/2020 to 11/07/2020,Sat: 8:00 AM-2:00 PM
1021688,1,05/07/2022 to 05/07/2022,Sat: 8:00 AM-12:00 PM
1019854,1,05/29/2021 to 05/29/2021,Sat: 9:00 AM-1:00 PM
1021746,1,05/30/2022 to 05/30/2022,Mon: 7:00 AM-12:00 PMWed: 7:00 AM-12:00 PMSat: 7:00 AM-12:00 PM
1019822,1,05/01/2020 to 10/16/2020,Fri: 4:00 PM-6:30 PM
1018626,1,06/11/2020 to 08/27/2020,Thu: 4:30 PM-8:00 PM
1018627,1,05/09/2020 to 11/21/2020,Sat: 2:00 PM-5:00 PM
1012060,1,06/17/2016 to 10/21/2016,Fri: 3:00 PM-6:00 PM
1010839,1,05/05/2018 to 11/17/2018,Sat: 9:00 AM-1:00 PM
1019128,1,04/18/2018 to 10/17/2018,Wed: 4:00 PM-7:00 PM
1001260,1,05/01/2018 to 10/30/2018,Tue: 3:00 PM-7:00 PM
1020126,1,01/01/2020 to 12/31/2020,Mon: 2:00 PM-6:00 PM
1002060,1,01/01/2018 to 12/31/2018,Fri: 4:00 PM-7:00 PMSun: 10:00 AM-2:00 PM
1021494,1,03/01/2021 to 03/01/2021,Fri: 10:00 AM-1:00 PM
1007245,1,01/01/2013 to 12/31/2013,
1010408,1,04/25/2020 to 11/21/2020,Sat: 9:00 AM-1:30 PM
1021731,1,06/18/2022 to 06/18/2022,Sat: 9:00 AM-12:00 PM
1020165,1,05/30/2020 to 11/24/2020,Tue: 4:30 PM-7:00 PMSat: 9:00 AM-1:00 PM
1021380,1,06/11/2021 to 06/11/2021,Fri: 11:00 AM-1:00 PMSat: 11:00 AM-1:00 PM
1010638,1,01/01/2014 to 01/01/2014,Sun: 8:00 AM-2:00 PM
1016803,1,07/17/2018 to 11/20/2018,Tue: 9:00 AM-5:30 PM
1021641,1,04/17/2021 to 04/17/2021,Sun: 8:00 AM-12:00 PM
1021641,2,06/09/2021 to 06/09/2021,Wed: 4:00 PM-6:00 PM
1018921,1,01/01/2018 to 12/31/2018,Tue: 7:00 AM-2:00 PMThu: 7:00 AM-2:00 PMSat: 7:00 AM-2:00 PM
1020005,1,06/04/2020 to 09/24/2020,Thu: 2:00 PM-6:00 PM
1021572,1,05/01/2021 to 05/01/2021,Sat: 8:00 AM-12:00 PM
1019328,1,05/30/2020 to 09/26/2020,Sat: 9:00 AM-1:00 PM
1012268,1,05/21/2020 to 10/01/2020,Thu: 3:30 PM-6:30 PM
1012268,2,11/07/2020 to 12/01/2020,Sat: 10:00 AM-2:00 PM
1019344,1,11/07/2020 to 12/12/2020,Sat: 10:00 AM-2:00 PM
1019478,1,01/01/2019 to 12/31/2019,Wed: 8:00 AM-6:00 PMThu: 8:00 AM-6:00 PMFri: 8:00 AM-6:00 PM
1019616,1,05/04/2019 to 10/26/2019,Sat: 8:00 AM-12:00 PM
1019615,1,11/02/2019 to 04/25/2020,Sun: 8:00 AM-12:00 PM
1020019,1,01/01/2021 to 01/01/2021,Sat: 9:00 AM-2:00 PM
1008213,1,05/10/2019 to 10/12/2019,Fri: 8:00 AM-1:00 PMSat: 8:00 AM-1:00 PM
1021455,1,04/03/2021 to 04/03/2021,Sat: 8:30 AM-1:00 PM
1021455,2,12/01/2021 to 12/01/2021,Sat: 9:00 AM-11:30 AM
1004602,1,05/09/2020 to 10/10/2020,Sat: 7:30 AM-11:30 AM
1011146,1,06/16/2018 to 09/29/2018,Sat: 9:00 AM-12:00 PM
1005259,1,01/01/2019 to 12/31/2019,Fri: 11:00 AM-12:00 PM
1021485,1,03/24/2021 to 03/24/2021,Wed: 4:00 PM-8:00 PM
1021462,1,06/05/2021 to 06/05/2021,Sat: 7:00 AM-11:00 AM
1021462,2,09/04/2021 to 09/04/2021,Sat: 8:00 AM-12:00 PM
1019027,1,01/01/2018 to 12/31/2018,Sun: 10:00 AM-2:00 PM
1018986,1,05/11/2018 to 10/26/2018,Fri: 2:00 AM-6:00 PM
1018474,1,06/02/2021 to 06/02/2021,Wed: 3:00 PM-7:00 PM
1018477,1,05/02/2021 to 05/02/2021,Sun: 10:00 AM-2:00 PM
1018478,1,06/06/2021 to 06/06/2021,Sun: 9:00 AM-2:00 PM
1018482,1,11/07/2020 to 11/07/2020,Sat: 9:00 AM-2:00 PM
1018482,2,04/03/2021 to 04/03/2021,Sat: 8:30 AM-2:00 PM
1018483,1,05/05/2021 to 05/05/2021,Wed: 10:00 AM-2:00 PM
1019807,1,06/29/2020 to 09/28/2020,Mon: 4:00 PM-7:00 PM
1021263,1,01/01/2021 to 01/01/2021,Sat: 10:00 AM-1:00 PM
1021263,2,05/01/2021 to 05/01/2021,Sat: 7:30 AM-12:00 PM
1021501,1,01/09/2021 to 01/09/2021,Sat: 10:00 AM-2:00 PM
1019149,1,07/14/2018 to 10/27/2018,Sat: 9:00 AM-1:00 PM
1019793,1,05/02/2020 to 10/31/2020,Sat: 8:00 AM-12:00 PM
1020086,1,01/01/2020 to 12/31/2020,Sat: 9:00 AM-12:30 PM
1018215,1,07/18/2018 to 10/31/2018,Wed: 4:00 PM-7:00 PM
1021617,1,05/19/2021 to 05/19/2021,Wed: 3:30 PM-6:30 PM
1019868,1,04/04/2020 to 11/28/2020,Sat: 9:00 AM-1:00 PM
1019868,2,12/05/2020 to ,Sat: 10:00 AM-1:00 PM
1021266,1,05/01/2021 to 05/01/2021,Sat: 9:00 AM-1:00 PM
1011596,1,05/01/2021 to 05/01/2021,Sun: 9:00 AM-1:00 PM
1021618,1,03/01/2021 to 03/01/2021,Sat: 8:00 AM-12:00 PM
1019477,1,05/17/2019 to 10/04/2019,Fri: 12:00 PM-6:00 PM
1010145,1,06/03/2021 to 06/03/2021,Thu: 3:00 PM-7:30 PM
1005260,1,01/01/2019 to 12/31/2019,Wed: 10:00 AM-11:00 AM
1019122,1,06/14/2018 to 09/06/2018,Thu: 4:30 PM-7:30 PM
1019315,1,05/05/2018 to 10/27/2018,Sat: 7:00 AM-12:00 PM
1021579,1,05/02/2021 to 05/02/2021,Sun: 10:00 AM-2:00 PM
1011310,1,05/09/2018 to 08/29/2018,Wed: 8:00 AM-12:00 PM
1019204,1,05/08/2018 to 10/27/2018,Tue: 4:00 PM-6:00 PMSat: 9:00 AM-12:00 PM
1020093,1,06/27/2020 to ,Sat: 9:00 AM-12:00 PM
1019500,1,06/21/2019 to 09/13/2019,Fri: 3:30 PM-6:00 PM
1001766,1,05/23/2013 to 05/23/2013,Thu: 4:00 PM-6:00 PMSat: 9:00 AM-12:00 PM
1020024,1,05/01/2020 to 08/18/2020,Tue: 8:00 AM-12:00 PM
1020024,2,09/29/2020 to 12/01/2020,Tue: 12:00 PM-
1021277,1,01/09/2021 to 01/09/2021,Sat: 8:00 AM-12:00 PM
1003610,1,01/01/2020 to 08/01/2020,Thu: 8:00 AM-12:00 PM
1019410,1,01/01/2019 to 12/31/2019,Mon: 10:00 AM-6:00 PMTue: 10:00 AM-6:00 PMWed: 10:00 AM-6:00 PMThu: 10:00 AM-6:00 PMFri: 10:00 AM-6:00 PMSat: 10:00 AM-6:00 PMSun: 10:00 AM-6:00 PM
1019411,1,01/01/2019 to 12/31/2019,Mon: 10:00 AM-6:00 PMTue: 10:00 AM-6:00 PMWed: 10:00 AM-6:00 PMThu: 10:00 AM-6:00 PMFri: 10:00 AM-6:00 PMSat: 10:00 AM-6:00 PMSun: 10:00 AM-6:00 PM
1004750,1,01/01/2019 to 12/31/2019,Thu: 6:00 PM-9:00 PM
1004751,1,01/01/2019 to 12/31/2019,Sat: 8:00 AM-11:00 AM
1000712,1,05/01/2015 to 10/30/2015,Fri: 10:00 AM-3:00 PM
1019235,1,05/05/2018 to 10/30/2018,Tue: 7:00 AM-1:00 PMThu: 7:00 AM-1:00 PMSat: 7:00 AM-1:00 PM
1021615,1,05/30/2021 to 05/30/2021,Sun: 9:00 AM-1:00 PM
1009020,1,05/02/2020 to 10/31/2020,Sat: 7:30 AM-11:30 AM
1009020,2,07/07/2020 to 08/31/2020,Tue: 4:00 PM-6:00 PM
1019493,1,04/20/2019 to ,Sat: 8:00 AM-12:00 PM
1002843,1,05/10/2013 to 09/27/2019,Fri: 4:00 PM-8:00 PM
1018549,1,05/02/2020 to 05/02/2020,Sat: 8:00 AM-12:00 PM
1018549,2,07/07/2020 to 07/07/2020,Tue: 4:00 PM-7:00 PM
1021272,1,11/07/2020 to 11/07/2020,Sat: 10:00 AM-1:00 PM
1019930,1,05/31/2020 to 10/04/2020,Sun: 11:00 AM-2:00 PM
1005060,1,05/10/2018 to 10/04/2018,Thu: 3:00 PM-6:00 PM
1021312,1,01/01/2021 to 01/01/2021,Sat: 9:00 AM-3:00 PM
1021302,1,01/01/2021 to 01/01/2021,Tue: 10:00 AM-2:00 PM
1019419,1,04/13/2019 to 10/26/2019,Sat: 9:00 AM-1:00 PM
1019312,1,08/01/2018 to 09/15/2018,Thu: 5:00 PM-7:00 PM
1004073,1,01/26/2021 to 01/26/2021,Thu: 3:00 PM-7:00 PM
1004073,2,03/04/2021 to 03/04/2021,Thu: 3:00 PM-7:00 PM
1004073,3,12/02/2021 to 12/02/2021,Thu: 3:00 PM-6:30 PM
1019418,1,03/23/2019 to 11/23/2019,Sat: 8:00 AM-1:00 PM
1018284,1,01/01/2019 to 12/31/2019,Sat: 10:00 AM-3:00 PM
1021409,1,06/05/2021 to 06/05/2021,Sat: 8:30 AM-12:00 PM
1000194,1,06/03/2020 to 10/07/2020,Wed: 2:30 PM-7:00 PM
1019259,1,10/06/2018 to 07/27/2019,Sat: 9:00 AM-1:00 PM
1019927,1,05/31/2020 to 11/22/2020,Sun: 10:00 AM-2:00 PM
1019635,1,05/04/2019 to 10/05/2019,Sun: 9:00 AM-1:00 PM
1019635,2,11/23/2019 to ,Sat: 10:00 AM-2:00 PM
1019070,1,07/07/2018 to 09/08/2018,Sat: 9:00 AM-1:00 PM
1019899,1,06/11/2020 to 08/27/2020,Thu: 4:00 PM-7:00 PM
1020173,1,08/01/2020 to 10/31/2020,Sat: 9:00 AM-1:00 PM
1019033,1,01/01/2021 to 01/01/2021,Thu: 2:00 PM-6:00 PM
1012576,1,05/18/2019 to 11/23/2019,Sat: 9:00 AM-1:00 PM
1021623,1,06/12/2021 to 06/12/2021,Sun: 9:00 AM-1:00 PM
1021606,1,04/03/2021 to 04/03/2021,Sat: 9:00 AM-1:00 PM
1019048,1,07/07/2018 to 09/29/2018,Sat: 8:30 AM-1:30 PM
1011286,1,06/13/2018 to 10/03/2018,Wed: 3:00 PM-6:30 PM
1019747,1,05/09/2020 to 10/10/2020,Sat: 9:00 AM-1:00 PM
1003969,1,03/05/2019 to 11/26/2019,Tue: 8:30 AM-1:30 PM
1003970,1,03/07/2019 to 10/31/2019,Thu: 8:30 AM-1:30 PM
1003971,1,05/04/2019 to 10/26/2019,Sat: 8:30 AM-1:00 PM
1018637,1,06/07/2019 to 08/30/2019,Fri: 4:00 PM-7:00 PM
1011778,1,05/26/2018 to 09/22/2018,Sat: 10:00 AM-2:00 PM
1019479,1,05/16/2019 to 09/26/2019,Thu: 4:00 PM-7:00 PM
1018349,1,07/07/2019 to 10/27/2019,Sun: 11:00 AM-3:00 PM
1019973,1,06/16/2020 to 09/29/2020,Tue: 3:00 PM-7:00 PM
1010821,1,04/07/2018 to ,Sat: 8:00 AM-12:00 PM
1019194,1,01/17/2020 to ,Sun: 12:00 PM-2:00 PM
1019791,1,05/13/2020 to 10/28/2020,Wed: 3:00 PM-7:00 PM
1021535,1,01/01/2021 to 01/01/2021,Sat: 10:00 AM-2:00 PM
1021218,1,05/05/2019 to ,Sun: 10:00 AM-2:00 PM
1005261,1,01/01/2019 to 12/31/2019,Sun: 9:30 AM-11:00 AM
1021451,1,05/01/2021 to 05/01/2021,Sat: 9:00 AM-1:00 PM
1003915,1,06/12/2021 to 06/12/2021,Wed: 12:00 PM-4:00 PMSat: 8:30 AM-12:00 PM
1019620,1,01/01/2021 to 12/31/2021,Tue: 4:00 PM-8:00 PM
1021646,1,06/02/2022 to 06/02/2022,Thu: 3:00 PM-7:00 PM
1021503,1,06/13/2021 to 06/13/2021,Sun: 11:00 AM-3:00 PM
1018975,1,04/14/2018 to 12/15/2018,Sun: 8:00 AM-12:00 PM
1019715,1,11/02/2019 to 12/07/2019,Sat: 9:00 AM-12:00 PM
1019825,1,05/02/2020 to 10/31/2020,Sat: 9:00 AM-1:00 PM
1002062,1,05/22/2018 to 10/30/2018,Tue: 11:00 AM-5:00 PM
1002062,2,05/26/2020 to 10/27/2020,Tue: 11:00 AM-5:00 PM
1005214,1,04/03/2021 to 04/03/2021,Sat: 8:00 AM-12:00 PM
1005214,2,01/04/2014 to 01/04/2014,Sat: 9:00 AM-11:00 AM
1021613,1,08/19/2021 to 08/19/2021,Thu: 3:00 PM-7:00 PM
1019211,1,11/04/2018 to 04/28/2019,Sun: 10:00 AM-2:00 PM
1021546,1,01/01/2021 to 01/01/2021,Sat: 9:00 AM-2:00 PM
1004988,1,05/02/2020 to 10/31/2020,Sat: 8:00 AM-12:00 PM
1004990,1,11/07/2020 to 12/31/2020,Sat: 9:00 AM-12:00 PM
1021724,1,06/02/2022 to 06/02/2022,Thu: 5:00 PM-8:00 PM
1021724,2,11/06/2021 to 11/06/2021,Sat: 10:00 AM-2:00 PM
1021724,3,04/02/2022 to 04/02/2022,Sat: 10:00 AM-2:00 PM
1021724,4,10/01/2022 to 10/01/2022,Sat: 10:00 AM-2:00 PM
1002485,1,06/11/2019 to 10/29/2019,Tue: 11:00 AM-3:00 PM
1019428,1,06/05/2019 to 09/04/2019,Wed: 4:00 PM-7:00 PM
1005262,1,01/01/2019 to 12/31/2019,Sat: 11:00 AM-12:00 PM
1021468,1,04/03/2021 to 04/03/2021,Sat: 10:00 AM-1:00 PM
1009080,1,01/01/2018 to 12/31/2018,Sat: 5:00 AM-3:00 PM
1018449,1,05/05/2018 to 10/27/2018,Sat: 8:00 AM-12:00 PM
1019913,1,06/17/2020 to 10/28/2020,Wed: 2:00 PM-6:00 PM
1020185,1,01/04/2020 to 12/26/2020,Sat: 9:00 AM-1:00 PM
1021645,1,01/01/2021 to 01/01/2021,Sat: 8:30 AM-1:00 PM
1021645,2,03/03/2021 to 03/03/2021,Wed: 8:30 AM-1:00 PM
1018625,1,01/04/2020 to 12/30/2020,Wed: 9:00 AM-1:30 PMSat: 8:30 AM-1:00 PM
1018315,1,05/02/2018 to 08/22/2018,Wed: 5:00 AM-8:30 PM
1011160,1,01/01/2018 to 12/31/2018,Sat: 9:00 AM-1:00 PM
1007261,1,05/03/2014 to 10/29/2014,Wed: 8:00 AM-12:00 PMSat: 7:30 AM-12:00 PM
1008303,1,06/02/2018 to 09/29/2018,Tue: 6:00 AM-1:00 PMSat: 6:00 AM-1:00 PM
1012203,1,06/04/2016 to 10/15/2016,Sat: 9:00 AM-2:00 PM
1012203,2,10/20/2018 to 12/22/2018,Sat: 10:00 AM-2:00 PM
1021577,1,08/07/2021 to 08/07/2021,Sat: 10:00 AM-1:00 PM
1007250,1,05/29/2021 to 05/29/2021,Sat: 10:00 AM-2:00 PM
1021558,1,06/02/2021 to 06/02/2021,Wed: 4:00 PM-7:00 PM
1021707,1,05/14/2022 to 05/14/2022,Sat: 9:00 AM-12:00 PM
1019627,1,05/22/2019 to 10/30/2019,Wed: 3:00 PM-6:00 PM
1020088,1,05/23/2020 to 09/26/2020,Sat: 9:00 AM-1:00 PM
1019515,1,06/05/2019 to 09/25/2019,Wed: 4:00 PM-7:00 PM
1019445,1,06/08/2019 to 08/31/2019,Sat: 9:00 AM-12:00 PM
1018167,1,11/10/2018 to 04/06/2019,Sat: 10:00 AM-2:00 PM
1018172,1,11/17/2018 to 03/23/2019,Sat: 10:00 AM-2:00 PM
1019237,1,03/10/2018 to 11/10/2018,Sat: 9:00 AM-12:00 PM
1021693,1,05/27/2022 to 05/27/2022,Fri: 3:00 PM-6:00 PM
1021693,2,07/08/2022 to 07/08/2022,Tue: 9:00 AM-1:00 PM
1021664,1,06/15/2022 to 06/15/2022,Wed: 2:00 PM-6:00 PM
1021233,1,01/01/2020 to 04/30/2020,Sat: 10:00 AM-12:00 PM
1021233,2,05/01/2020 to 09/30/2020,Sat: 8:00 AM-12:00 PM
1021233,3,10/01/2020 to 11/25/2020,Sat: 9:00 AM-12:00 PM
1021233,4,12/01/2020 to 12/31/2020,Sat: 9:00 AM-12:00 PM
1019610,1,07/09/2019 to ,Tue: 10:00 AM-2:00 PM
1019442,1,06/16/2020 to 10/13/2020,Tue: 3:00 PM-7:00 PM
1019395,1,05/01/2019 to 10/31/2019,Wed: 7:00 AM-11:00 AMSat: 7:00 AM-11:00 AM
1021700,1,05/07/2022 to 05/07/2022,Wed: 5:00 PM-7:00 PMSat: 8:00 AM-12:00 PM
1010838,1,06/04/2016 to 08/01/2020,Sat: 9:00 AM-1:00 PM
1019455,1,06/19/2021 to 06/19/2021,Sat: 8:00 AM-12:00 PM
1021429,1,05/01/2021 to 05/01/2021,Sat: 7:00 AM-12:00 PM
1001280,1,06/19/2021 to 06/19/2021,Wed: 3:30 PM-6:00 PMSat: 8:30 AM-12:00 PM
1019976,1,05/16/2020 to 09/26/2020,Sat: 8:00 AM-12:00 PM
1020103,1,06/04/2020 to 10/24/2020,Thu: 5:00 PM-8:00 PMSat: 8:00 AM-12:00 PM
1019319,1,06/05/2021 to 06/05/2021,Sat: 10:00 AM-2:00 PM
1012179,1,06/13/2021 to 06/13/2021,Sun: 9:30 AM-1:00 PM
1020004,1,05/30/2020 to 10/10/2020,Sat: 8:00 AM-1:00 PM
1021397,1,04/17/2021 to 04/17/2021,Sat: 8:00 AM-12:00 PM
1018771,1,01/01/2020 to 12/31/2020,Sat: 9:00 AM-12:00 PM
1011044,1,01/01/2019 to 12/31/2019,Tue: 1:00 PM-7:00 PMSat: 8:00 AM-1:30 PM
1016822,1,06/07/2018 to 10/18/2018,Thu: 5:00 PM-8:00 PM
1018601,1,05/02/2017 to 09/24/2019,Tue: 10:00 AM-2:00 PM
1011811,1,01/01/2018 to 12/31/2018,Fri: 11:00 AM-3:30 PM
1011811,2,01/01/2018 to 12/31/2018,Fri: 11:00 AM-3:30 PM
1010560,1,05/06/2020 to 10/31/2020,Wed: 8:00 AM-1:00 PMSat: 8:00 AM-1:00 PM
1003169,1,06/20/2020 to 09/26/2020,Sat: 10:00 AM-1:00 PM
1020163,1,01/01/2020 to 12/31/2020,Tue: 2:30 PM-5:30 PM
1010014,1,04/01/2020 to 12/01/2020,Mon: 8:00 AM-1:00 PMTue: 8:00 AM-1:00 PMThu: 8:00 AM-1:00 PMFri: 8:00 AM-1:00 PMSat: 8:00 AM-1:00 PM
1020022,1,01/01/2021 to 01/01/2021,Sat: 9:00 AM-2:00 PM
1019926,1,07/08/2020 to 10/07/2020,Wed: 2:30 PM-6:00 PM
1020159,1,01/01/2020 to 12/31/2020,Sat: 8:00 AM-1:00 PM
1003836,1,01/01/2021 to 01/01/2021,Sun: 12:00 PM-4:00 PM
1019829,1,06/05/2021 to 06/05/2021,Sat: 10:00 AM-2:00 PM
1019671,1,05/25/2019 to 11/23/2019,Sat: 9:00 AM-12:00 PM
1020039,1,07/10/2020 to 10/17/2020,Fri: 10:30 AM-12:30 PM
1020040,1,07/10/2020 to 10/17/2020,Fri: 2:30 PM-4:30 PM
1011934,1,07/10/2020 to 10/17/2020,Sat: 1:30 PM-3:30 PM
1011935,1,07/10/2020 to 10/17/2020,Sat: 10:00 AM-12:00 PM
1019803,1,04/25/2020 to 10/24/2020,Sat: 9:00 AM-3:00 PM
1020067,1,01/01/2020 to 12/31/2020,Tue: 2:00 PM-6:30 PM
1021697,1,12/03/2021 to 12/03/2021,Fri: 9:00 AM-2:00 PM
1019385,1,01/01/2019 to 12/31/2019,Tue: 4:30 PM-6:00 PM
1021214,1,01/01/2020 to 12/31/2020,Sat: 8:00 AM-1:00 PM
1019599,1,01/01/2019 to 12/31/2019,Sun: 11:00 AM-3:00 PM
1002526,1,05/05/2018 to 10/27/2018,Sat: 9:00 AM-1:00 PM
1019915,1,05/02/2020 to 10/27/2020,Tue: 2:00 PM-6:00 PM
1021573,1,06/01/2021 to 06/01/2021,Tue: 8:00 AM-1:00 PM
1019511,1,05/01/2019 to 10/31/2019,Sat: 9:00 AM-2:00 PM
1010997,1,01/01/2020 to 12/31/2020,Sat: 9:00 AM-2:00 PM
1010445,1,06/03/2021 to 06/03/2021,Thu: 3:00 PM-7:00 PM
1021553,1,06/02/2021 to 06/02/2021,Wed: 2:00 PM-7:00 PM
1019091,1,05/12/2018 to 10/06/2018,Sat: 10:00 AM-2:00 PM
1019091,2,10/13/2018 to 12/31/2018,Sat: 10:00 AM-2:00 PM
1018098,1,05/01/2018 to ,Sat: 8:00 AM-12:00 PM
1021563,1,06/03/2021 to 06/03/2021,Thu: 2:00 PM-7:00 PM
1021563,2,11/11/2021 to 11/11/2021,Thu: 10:00 AM-2:00 PM
1002063,1,05/18/2018 to 10/26/2018,Fri: 2:00 PM-6:00 PM
1019979,1,06/01/2020 to 11/02/2020,Mon: 9:00 AM-1:00 PM
1005560,1,01/01/2018 to 12/31/2018,Mon: 8:00 AM-5:00 PMTue: 8:00 AM-5:00 PMWed: 8:00 AM-5:00 PMThu: 8:00 AM-5:00 PMFri: 8:00 AM-5:00 PMSat: 8:00 AM-5:00 PMSun: 8:00 AM-5:00 PM
1019305,1,06/05/2018 to 10/02/2018,Tue: 3:00 PM-6:00 PM
1018952,1,06/15/2018 to 10/01/2018,Fri: 1:00 PM-4:00 PM
1021568,1,06/01/2021 to 06/01/2021,Tue: 8:00 AM-1:00 PM
1019173,1,05/06/2021 to 05/06/2021,Thu: 4:00 PM-7:30 PM
1019784,1,05/06/2020 to 09/09/2020,Wed: 2:00 PM-6:00 PM
1019452,1,04/13/2019 to 12/21/2019,Sat: 8:00 AM-1:00 PM
1019452,2,01/11/2020 to ,Sat: 9:00 AM-12:00 PM
1019782,1,04/11/2020 to 12/19/2020,Sun: 8:00 AM-1:00 PM
1021394,1,05/01/2021 to 05/01/2021,Mon: -1:00 PMTue: 7:00 AM-1:00 PMThu: 7:00 AM-1:00 PMSat: 7:00 AM-1:00 PM
1003588,1,06/05/2013 to 10/30/2013,Wed: 10:00 AM-2:00 PM
1021670,1,05/01/2022 to 05/01/2022,Sun: 8:00 AM-1:00 PM
1018312,1,05/19/2018 to 10/27/2018,Sat: 9:00 AM-2:00 PM
1021466,1,06/03/2021 to 06/03/2021,Thu: 2:00 PM-6:00 PM
1019628,1,06/07/2019 to 09/27/2019,Fri: 4:00 PM-7:00 PM
1020176,1,05/02/2020 to 09/26/2020,Sat: 8:00 AM-12:00 PM
1019675,1,04/13/2019 to 11/23/2019,Sat: 8:30 AM-11:30 AM
1012278,1,10/06/2018 to 05/25/2019,Sat: 9:00 AM-2:00 PM
1012278,2,06/01/2019 to 08/31/2019,Sat: 9:00 AM-1:00 PM
1021483,1,01/01/2021 to 01/01/2021,Sat: 8:00 AM-12:00 PMSun: 8:00 AM-12:00 PM
1012766,1,06/16/2018 to 10/27/2018,Sat: 9:00 AM-1:00 PM
1018211,1,01/01/2018 to 12/31/2018,Mon: 9:00 AM-1:00 PM
1021526,1,06/23/2021 to 06/23/2021,Wed: 3:00 PM-7:00 PM
1012100,1,09/05/2018 to 11/14/2018,Wed: 11:30 AM-2:00 PM
1018918,1,05/07/2018 to 09/24/2018,Mon: 3:00 PM-7:00 PM
1018918,2,10/01/2018 to 10/29/2018,Mon: 3:00 PM-6:00 PM
1021333,1,05/08/2021 to 05/08/2021,Sat: 7:00 AM-12:00 PM
1010057,1,01/01/2014 to 12/31/2014,Mon: -10:00 PMWed: 5:00 PM-6:30 PMSun: 8:00 AM-
1019526,1,06/08/2019 to 10/05/2019,Sat: 9:00 AM-12:30 PM
1018451,1,05/24/2020 to 10/11/2020,Sun: 10:00 AM-2:00 PM
1012116,1,05/05/2018 to 05/05/2018,Sat: 9:00 AM-1:00 PM
1019545,1,06/18/2019 to 10/08/2019,Tue: 4:00 PM-7:00 PM
1019036,1,04/06/2018 to 11/23/2018,Fri: 1:00 AM-6:00 PM
1007271,1,10/11/2014 to 05/23/2015,Sat: 9:00 AM-1:00 PM
1020186,1,01/04/2020 to 12/26/2020,Sat: 9:00 AM-1:00 PM
1009707,1,05/04/2021 to 05/04/2021,Tue: 10:00 AM-3:00 PM
1008173,1,01/01/2018 to 12/31/2018,Tue: 8:00 AM-1:00 PM
1020149,1,06/27/2020 to 10/03/2020,Sat: 9:00 AM-12:00 PM
1019481,1,05/29/2019 to 10/09/2019,Wed: 3:00 PM-7:00 PM
1021643,1,01/01/2021 to 01/01/2021,Sat: 9:00 AM-1:00 PM
1021644,1,01/01/2021 to 01/01/2021,Sat: 9:00 AM-1:00 PM
1002765,1,05/15/2021 to 05/15/2021,Sat: 9:00 AM-1:00 PM
1019981,1,11/14/2020 to 12/12/2020,Sun: 9:00 AM-12:00 PM
1019981,2,08/01/2020 to 10/31/2020,Sat: 8:00 AM-12:00 PM
1021313,1,05/08/2021 to 05/08/2021,Sat: 9:30 AM-1:30 PM
1018923,1,10/15/2017 to 05/20/2018,Sun: 12:00 PM-4:00 PM
1019015,1,05/14/2020 to 10/08/2020,Thu: 8:00 AM-1:00 PM
1020036,1,06/06/2020 to 10/03/2020,Sat: 9:00 AM-1:00 PM
1018476,1,05/12/2018 to 10/27/2018,Sat: 8:00 AM-12:30 PM
1020073,1,05/09/2020 to 10/31/2020,Sat: 8:00 AM-12:00 PM
1011738,1,05/05/2018 to 10/27/2018,Sat: 8:00 AM-12:00 PM
1019138,1,06/04/2018 to 09/24/2018,Mon: 3:00 PM-6:00 PM
1003982,1,06/01/2018 to 10/12/2018,Fri: 10:30 AM-4:00 PM
1020147,1,01/01/2020 to 12/31/2020,Sun: 9:00 AM-1:00 PM
1019075,1,01/01/2018 to 12/31/2018,Sat: 9:00 AM-1:00 PM
1021694,1,05/07/2022 to 05/07/2022,Sat: 10:00 AM-3:00 PM
1018994,1,06/03/2020 to 09/26/2020,Wed: 9:00 AM-1:00 PMSat: 9:00 AM-1:00 PM
1010998,1,05/16/2020 to 10/10/2020,Sat: 8:00 AM-12:00 PM
1010998,2,11/07/2020 to 12/19/2020,Sat: 9:00 AM-1:00 PM
1018279,1,05/12/2018 to 10/20/2018,Sat: 8:00 AM-12:00 PM
1018279,2,06/05/2018 to 08/28/2018,Tue: 4:00 PM-7:00 PM
1021235,1,01/01/2021 to 01/01/2021,Tue: 3:00 PM-6:00 PM
1021204,1,05/02/2020 to 09/26/2020,Sun: 8:30 AM-1:00 PM
1020049,1,01/01/2020 to 12/31/2020,Fri: 12:00 PM-6:00 PM
1019047,1,06/03/2018 to 09/30/2018,Sun: 8:00 AM-1:00 PM
1019933,1,05/02/2021 to 05/02/2021,Sun: 9:00 AM-1:00 PM
1021203,1,07/02/2020 to 10/29/2020,Thu: 4:00 PM-9:00 PM
1019596,1,06/07/2019 to 09/27/2019,Fri: 4:00 PM-8:00 PM
1018959,1,05/25/2019 to 10/12/2019,Sat: 8:00 AM-1:00 PM
1021254,1,01/01/2020 to 12/31/2020,Sat: 8:00 AM-11:00 AM
1019181,1,05/26/2018 to 09/26/2018,Wed: 11:00 AM-5:00 PM
1019303,1,05/24/2019 to 09/20/2019,Fri: 8:00 AM-3:00 PM
1019544,1,04/27/2019 to 10/26/2019,Tue: 2:30 PM-6:30 PMSat: 2:30 PM-6:30 PM
1019775,1,01/15/2020 to 12/16/2020,Wed: 4:00 PM-7:00 PM
1019931,1,03/01/2020 to 12/19/2020,Sat: 11:00 AM-
1019166,1,04/04/2018 to 11/14/2018,Wed: 11:00 AM-3:00 PM
1019751,1,06/14/2020 to 10/25/2020,Sun: 10:00 AM-2:00 PM
1021304,1,05/19/2021 to 05/19/2021,Wed: 3:00 PM-7:00 PM
1019700,1,05/02/2019 to 12/05/2019,Thu: 3:00 PM-7:00 PM
1019699,1,04/26/2019 to 12/06/2019,Fri: 3:00 PM-7:00 PM
1019698,1,05/01/2019 to 12/04/2019,Wed: 3:00 PM-7:00 PM
1021276,1,01/01/2021 to 01/01/2021,Thu: 3:00 PM-7:00 PM
1012357,1,11/04/2018 to 04/28/2019,Sun: 9:00 AM-1:00 PM
1021659,1,05/07/2022 to 05/07/2022,Sat: 8:00 AM-12:00 PM
1019504,1,06/06/2019 to 10/17/2019,Thu: 3:00 PM-7:00 PM
1019966,1,05/06/2021 to 05/06/2021,Thu: 3:30 PM-5:30 PM
1019966,2,11/04/2021 to 11/04/2021,Thu: 4:00 PM-5:00 PM
1018422,1,05/25/2018 to 09/28/2018,Fri: 3:00 PM-6:30 PM
1018422,2,11/03/2018 to 12/15/2018,Sat: 9:00 AM-12:00 PM
1021702,1,05/01/2022 to 05/01/2022,Sun: 9:30 AM-1:00 PM
1011497,1,01/01/2019 to 01/01/2019,Thu: 9:00 AM-5:00 PMFri: 9:00 AM-7:00 PMSat: 8:00 AM-4:00 PM
1011497,2,01/01/2019 to 02/28/2019,Thu: 9:00 AM-5:00 PMFri: 9:00 AM-5:00 PMSat: 8:00 AM-5:00 PM
1019517,1,06/21/2019 to 10/25/2019,Fri: 3:00 PM-6:00 PM
1002101,1,05/17/2018 to 10/18/2018,Thu: 3:00 PM-6:00 PM
1002101,2,05/16/2019 to 10/17/2019,Thu: 3:00 PM-6:00 PM
1019739,1,06/07/2020 to 09/27/2020,Sun: 9:00 AM-2:00 PM
1019826,1,05/02/2020 to 10/31/2020,Sat: 8:30 AM-2:00 PM
1019975,1,04/01/2020 to 04/01/2020,Sat: 8:00 AM-1:00 PM
1018628,1,01/08/2019 to 12/29/2019,Tue: 10:00 AM-1:30 PM
1018624,1,09/27/2020 to 11/15/2020,
1021499,1,01/01/2021 to 01/01/2021,Thu: 2:00 AM-5:00 AM
1000278,1,07/05/2020,Sun: 8:00 AM-12:00 PM
1020015,1,05/30/2021 to 05/30/2021,Sun: 9:00 AM-2:00 PM
1010798,1,06/06/2015 to 10/03/2015,Sat: 8:00 AM-1:00 PM
1012799,1,05/23/2020 to 10/10/2020,Sat: 9:00 AM-1:00 PM
1021586,1,01/01/2021 to 01/01/2021,Sat: 8:00 AM-1:00 PM
1008826,1,05/10/2014 to 09/27/2014,Sat: 9:00 AM-12:00 PM
1008827,1,06/03/2014 to 08/26/2014,Tue: 4:30 AM-7:00 PM
1019228,1,06/16/2018 to 10/06/2018,Tue: 3:30 PM-6:00 PMSat: 9:00 AM-12:00 PM
1021562,1,06/12/2021 to 06/12/2021,Tue: 9:00 AM-1:00 PMSat: 9:00 AM-1:00 PM
1019963,1,07/02/2020 to 10/29/2020,Thu: 4:00 PM-6:00 PM
1021490,1,06/05/2021 to 06/05/2021,Sat: 8:00 AM-12:00 PM
1019393,1,05/30/2019 to 10/10/2019,Thu: 3:00 PM-7:00 PM
1019213,1,05/08/2018 to 08/28/2018,Tue: 8:00 AM-12:00 PM
1006324,1,05/28/2021 to 05/28/2021,Fri: 4:30 PM-6:30 PM
1021745,1,05/07/2022 to 05/07/2022,Sat: 8:30 AM-12:00 PM
1021745,2,01/01/2023 to 01/01/2023,Sat: 12:00 PM-3:00 PM
1021745,3,10/01/2022 to 10/01/2022,Thu: 5:30 PM-8:00 PM
1019638,1,05/09/2020 to 10/10/2020,Sat: 10:00 AM-3:00 PM
1018933,1,07/11/2018 to 09/26/2018,Wed: 4:00 PM-6:00 PM
1020002,1,01/01/2020 to 12/31/2020,Sun: 8:30 AM-2:00 PM
1018397,1,06/04/2019 to 09/24/2019,Tue: 4:00 PM-7:00 PM
1021576,1,05/04/2021 to 05/04/2021,Tue: 10:00 AM-1:00 PM
1018283,1,05/01/2018 to 10/27/2018,Tue: 3:00 PM-6:00 PMThu: 6:00 AM-12:00 PMSat: 6:00 AM-12:00 PM
1019349,1,01/05/2019 to 12/21/2019,Sat: 7:00 AM-12:00 PM
1019349,2,04/16/2019 to 09/24/2019,Tue: 3:00 PM-6:00 PM
1012573,1,01/01/2021 to 01/01/2021,Sat: 9:00 AM-1:00 PM
1005493,1,01/01/2021 to 12/31/2021,Sat: 8:00 AM-12:00 PM
1006169,1,06/16/2018 to 10/13/2018,Thu: 4:00 PM-7:00 PMSat: 8:00 AM-1:00 PM
1018968,1,06/05/2021 to 06/05/2021,Mon: 7:30 AM-12:00 PMTue: 7:30 AM-12:00 PMWed: 7:30 AM-12:00 PMThu: 7:30 AM-12:00 PMFri: 7:30 AM-12:00 PMSat: 7:30 AM-12:00 PM
1018968,2,10/02/2021 to 10/02/2021,Wed: 9:00 AM-12:00 PMThu: 9:00 AM-12:00 PMFri: 9:00 AM-12:00 PMSat: 9:00 AM-12:00 PM
1019215,1,06/05/2021 to 10/30/2021,Tue: 2:00 PM-5:00 PMSat: 7:00 AM-1:00 PM
1019925,1,05/01/2020 to 10/03/2020,Sat: 10:00 AM-1:00 PM
1010158,1,05/11/2018 to 09/28/2018,Fri: 3:00 pm-6:00 pm
1019540,1,05/18/2019 to 11/23/2019,Sat: 9:00 AM-1:00 PM
1018634,1,01/01/2018 to 01/01/2018,Wed: 4:00 PM-7:00 PM
1021305,1,01/01/2021 to 01/01/2021,Wed: 9:00 AM-5:00 PM
1019764,1,05/20/2020 to 09/30/2020,Wed: 4:00 PM-7:00 PM
1021726,1,05/04/2022 to 05/04/2022,Wed: 2:30 PM-7:00 PM
1001886,1,05/05/2021 to 05/05/2021,Wed: 5:00 PM-8:00 PM
1019105,1,04/04/2018 to 09/29/2018,Wed: 10:00 AM-2:00 PMSat: 8:00 AM-12:00 PM
1019105,2,10/03/2018 to 03/30/2019,Wed: 10:00 AM-2:00 PMSat: 10:00 AM-2:00 PM
1019448,1,05/01/2019 to 10/30/2019,Wed: 3:00 PM-6:00 PM
1019342,1,01/01/2019 to 12/31/2019,Sat: 8:00 AM-12:00 PM
1018852,1,05/27/2017 to 09/30/2017,Sat: 9:00 AM-11:00 AM
1018852,2,10/07/2017 to 10/28/2017,Sat: 9:00 AM-11:00 AM
1018852,3,11/11/2017 to 04/14/2018,Sat: 9:00 AM-11:00 AM
1019498,1,05/05/2019 to 10/27/2019,Sun: 11:00 AM-2:00 PM
1005631,1,05/01/2015 to 10/30/2015,Fri: 9:00 AM-2:00 PM
1018535,1,04/17/2021 to 04/17/2021,Sat: 7:30 AM-1:00 PM
1018535,2,06/02/2021 to 06/02/2021,Wed: 7:30 AM-1:00 PMSat: 7:30 AM-1:00 PM
1018535,3,10/02/2021 to 10/02/2021,Sat: 8:00 AM-1:00 PM
1019692,1,06/08/2019 to 11/02/2019,Sat: 8:00 AM-12:00 PM
1019692,2,11/02/2019 to 06/06/2020,Sat: 8:00 AM-1:00 PM
1012325,1,04/03/2021 to 04/03/2021,Sat: 10:00 AM-2:00 PM
1018597,1,06/03/2017 to 09/30/2017,Sun: 9:00 AM-12:00 PM
1018598,1,11/01/2017 to 04/28/2018,Sun: 10:00 AM-1:00 PM
1018598,2,05/17/2018 to 10/31/2018,Thu: 3:00 PM-7:00 PM
1019078,1,05/19/2018 to 10/31/2020,Wed: 3:00 PM-6:00 PMSat: 9:00 AM-2:00 PM
1019080,1,11/03/2018 to 05/04/2019,Sat: 10:00 AM-2:00 PM
1019182,1,05/12/2018 to 10/06/2018,Sat: 8:00 AM-12:00 PM
1019952,1,06/25/2020 to 10/08/2020,Thu: 3:00 PM-7:00 PM
1020048,1,05/04/2022 to 05/04/2022,Wed: 11:00 AM-2:00 PM
1012247,1,05/18/2018 to ,Fri: 2:00 PM-6:00 PM
1019513,1,01/01/2021 to 01/01/2021,Sat: 9:00 AM-1:00 PM
1012297,1,06/11/2018 to 08/27/2018,Mon: 4:00 PM-7:00 PM
1018155,1,06/06/2017 to 08/30/2017,Wed: 2:00 PM-5:30 PM
1019156,1,06/10/2018 to 11/04/2018,Sun: 7:30 AM-12:30 PM
1006342,1,05/01/2018 to ,Wed: 4:00 PM-7:30 PMSat: 8:00 AM-1:00 PM
1021297,1,02/13/2021 to 02/13/2021,Sat: 3:30 PM-7:30 PM
1021297,2,03/13/2021 to 03/13/2021,Sat: 9:00 AM-12:00 PM
1021297,3,04/10/2021 to 04/10/2021,Sat: 9:00 AM-12:00 PM
1021297,4,05/08/2021 to 05/08/2021,Sat: 8:00 AM-12:00 PM
1018214,1,01/01/2018 to 12/31/2018,Wed: 3:00 PM-6:00 PMSat: 7:00 AM-12:00 PM
1021487,1,04/22/2021 to 04/22/2021,Thu: 4:00 PM-8:00 PM
1021251,1,01/01/2020 to 12/31/2020,Sun: 9:00 AM-2:00 PM
1018504,1,07/11/2021 to 07/11/2021,Sun: 10:00 AM-1:00 PM
1001925,1,06/16/2021 to 06/16/2021,Wed: 3:30 PM-6:30 PM
1010394,1,06/02/2021 to 06/02/2021,Wed: 3:00 PM-6:00 PM
1019155,1,01/01/2021 to 12/31/2021,Sat: 9:00 AM-1:00 PM
1021537,1,04/01/2021 to 04/01/2021,Sat: 8:00 AM-12:00 PM
1005268,1,01/01/2019 to 12/31/2019,Tue: 10:00 AM-11:00 AM
1004574,1,05/24/2018 to 08/30/2018,Thu: 4:30 PM-6:00 PM
1005263,1,01/01/2019 to 12/31/2019,Tue: 6:30 AM-7:30 AM
1005269,1,01/01/2019 to 12/31/2019,Sun: 11:30 AM-12:30 PM
1005264,1,01/01/2019 to 12/31/2019,Thu: 7:00 AM-8:00 AM
1005266,1,01/01/2019 to 12/31/2019,Tue: 8:00 AM-9:00 AM
1019489,1,04/17/2019 to 04/30/2019,Wed: 2:00 PM-6:00 PM
1021340,1,05/12/2021 to 05/12/2021,Wed: 3:00 PM-7:00 PM
1020197,1,01/01/2020 to 12/31/2020,Sun: 9:00 AM-1:00 PM
1018219,1,06/01/2020 to 10/01/2020,Mon: 2:30 PM-5:30 PMThu: 2:30 PM-5:30 PM
1021366,1,03/20/2021 to 03/20/2021,Sat: 10:00 AM-2:00 PM
1018552,1,06/04/2020 to ,Thu: 1:00 PM-7:00 PM
1020021,1,06/20/2020 to 10/03/2020,Sat: 9:00 AM-1:00 PM
1018319,1,07/30/2020 to ,Thu: 5:30 PM-7:30 PM
1001962,1,06/20/2016 to ,Mon: 3:30 AM-6:00 AM
1011229,1,05/01/2021 to 05/01/2021,Sat: 10:00 AM-1:00 PM
1019613,1,06/01/2019 to 10/25/2019,Tue: 9:00 AM-2:00 PMSat: 9:00 AM-2:00 PM
1004499,1,06/24/2020 to 10/07/2020,Wed: 12:00 PM-4:00 PM
1004499,2,01/10/2020 to 03/14/2020,Sat: 10:00 AM-2:00 PM
1019016,1,05/05/2018 to 10/27/2018,Sat: 4:00 PM-6:00 PM
1021559,1,05/22/2021 to 05/22/2021,Sat: 9:30 AM-12:30 PM
1012485,1,06/01/2018 to 10/31/2018,Wed: 10:00 AM-3:00 PM
1020047,1,05/07/2022 to 05/07/2022,Sat: 9:00 AM-1:00 PM
1019124,1,05/16/2018 to 10/24/2018,Wed: 10:00 AM-2:00 PM
1021709,1,06/30/2022 to 06/30/2022,Thu: 4:00 PM-7:00 PM
1021452,1,04/24/2021 to 04/24/2021,Tue: 4:00 PM-7:00 PMThu: 11:00 AM-2:00 PMSat: 9:00 AM-12:00 PM
1021452,2,08/21/2021 to 08/21/2021,Tue: 4:00 PM-7:00 PMSat: 9:00 AM-12:00 PM
1021452,3,05/01/2021 to 05/01/2021,Sat: 9:00 AM-12:00 PM
1006093,1,07/09/2020 to 10/15/2020,Thu: 3:00 PM-5:00 PM
1012212,1,08/02/2018 to 09/13/2018,Thu: 5:00 PM-7:30 PM
1019641,1,05/09/2019 to 10/17/2019,Thu: 3:30 PM-6:30 PM
1019114,1,05/16/2018 to 10/10/2018,Wed: 8:00 AM-12:00 PM
1002890,1,01/01/2018 to 12/31/2018,Sun: 9:00 AM-1:00 PM
1002280,1,01/01/2019 to 12/01/2019,Mon: 8:00 AM-3:00 PMTue: 8:00 AM-3:00 PMWed: 8:00 AM-3:00 PMThu: 8:00 AM-3:00 PMFri: 8:00 AM-3:00 PM
1019067,1,01/01/2018 to 12/31/2018,Tue: 3:00 PM-6:00 PM
1021569,1,07/08/2021 to 07/08/2021,Thu: 11:00 AM-3:00 PMSat: 10:00 AM-2:00 PM
1018650,1,01/01/2018 to 12/31/2018,Sun: 9:00 AM-2:00 PM
1011203,1,05/05/2021 to 05/05/2021,Wed: 3:30 PM-7:00 PM
1019424,1,05/18/2019 to 11/02/2019,Sat: 9:00 AM-2:00 PM
1019657,1,04/03/2019 to 11/30/2019,Wed: 9:00 AM-1:00 PMSat: 9:00 AM-1:00 PM
1019657,2,12/07/2019 to 12/28/2019,Sat: 9:00 AM-1:00 PM
1002177,1,06/17/2018 to 10/28/2018,Sun: 9:00 AM-2:00 PM
1016908,1,06/14/2018 to 12/13/2018,Thu: 3:00 PM-7:00 PM
1019911,1,07/01/2020 to 10/28/2020,Wed: 3:00 PM-6:00 PM
1012204,1,10/01/2018 to 12/01/2019,Sun: 9:00 AM-1:00 PM
1010319,1,01/01/2018 to 12/31/2018,Thu: 3:00 PM-7:00 PM
1021367,1,06/17/2021 to 06/17/2021,Thu: 10:00 AM-1:00 PM
1019444,1,05/23/2020 to 10/01/2020,Sun: 9:00 AM-12:00 PM
1021274,1,06/03/2021 to 06/03/2021,Thu: 12:00 PM-5:00 PM
1019797,1,05/15/2021 to 05/15/2021,Sat: 9:00 AM-12:00 PM
1021246,1,05/21/2020 to 10/08/2020,Thu: 3:00 PM-7:00 PM
1002816,1,05/04/2018 to 10/26/2018,Fri: 3:00 PM-6:00 PM
1020070,1,05/02/2020 to 10/31/2020,Sat: 9:00 AM-1:00 PM
1001661,1,04/17/2021 to 04/17/2021,Sat: 7:00 AM-12:30 PM
1021217,1,04/18/2020 to 11/07/2020,Sat: 7:00 AM-12:30 PM
1004515,1,07/12/2018 to ,Thu: 11:00 AM-12:30 PM
1005280,1,01/01/2018 to 12/31/2018,Sat: 9:00 AM-1:00 PM
1020020,1,01/01/2021 to 01/01/2021,Thu: 12:00 AM-5:00 AM
1021258,1,06/07/2020 to 10/04/2020,Sun: 10:00 AM-1:00 PM
1020010,1,05/20/2020 to 08/12/2020,Wed: 3:30 PM-7:00 PM
1021488,1,05/29/2021 to 05/29/2021,Sat: 9:00 AM-2:00 PM
1019955,1,05/02/2020 to 10/31/2020,Sat: 8:30 AM-12:00 PM
1019392,1,04/19/2019 to 11/17/2019,Fri: 10:00 AM-4:00 PMSat: 10:00 AM-4:00 PMSun: 10:00 AM-4:00 PM
1020157,1,04/28/2020 to 09/29/2020,Tue: 5:00 PM-8:00 PM
1020156,1,04/28/2020 to 09/30/2020,Thu: 5:00 PM-8:00 PM
1019221,1,06/30/2018 to 09/29/2018,Sat: 8:30 AM-1:00 PM
1021495,1,03/01/2021 to 03/01/2021,Thu: 10:00 AM-1:00 PM
1021497,1,03/01/2021 to 03/01/2021,Mon: 10:00 AM-1:00 PM
1021498,1,03/01/2021 to 03/01/2021,Mon: 10:00 AM-1:00 PM
1021496,1,03/01/2021 to 03/01/2021,Thu: 10:00 AM-1:00 PM
1019069,1,04/28/2018 to 10/27/2018,Sat: 9:00 AM-5:00 PM
1018274,1,04/01/2020 to 10/17/2020,Tue: 3:30 PM-5:30 PMSat: 7:30 AM-12:00 PM
1019652,1,06/13/2019 to 11/14/2019,Thu: 3:00 PM-6:30 PM
1021720,1,03/19/2022 to 03/19/2022,Sat: 8:00 AM-12:00 PM
1019337,1,06/05/2021 to 06/05/2021,Sat: 9:00 AM-2:00 PM
1020187,1,01/04/2020 to 12/26/2020,Sat: 9:00 AM-1:00 PM
1019433,1,06/08/2019 to 10/26/2019,Sat: 9:30 AM-1:30 PM
1011274,1,05/16/2019 to 11/14/2019,Thu: 4:00 PM-7:00 PM
1021231,1,09/28/2020 to 12/28/2020,Mon: 2:00 PM-6:00 PM
1019229,1,04/07/2018 to 10/27/2018,Sat: 8:00 AM-12:00 PM
1019449,1,01/05/2019 to 05/25/2019,Sat: 9:00 AM-3:00 PM
1018925,1,11/01/2017 to 04/18/2018,Wed: 10:00 AM-2:00 PM
1019463,1,06/06/2019 to 10/26/2019,Thu: 8:00 AM-2:00 PMSat: 8:00 AM-2:00 PM
1008231,1,06/14/2018 to 10/04/2018,Thu: 5:00 AM-7:00 PM
1020158,1,04/12/2020 to 10/31/2020,Tue: 10:00 AM-5:00 PMFri: 10:00 AM-5:00 PMSat: 10:00 AM-5:00 PM
1009027,1,05/21/2015 to 10/15/2020,Thu: 12:30 PM-4:30 PM
1019098,1,01/01/2018 to 12/31/2018,Tue: 3:00 PM-7:00 PMSat: 10:00 AM-2:00 PM
1020168,1,05/02/2020 to 10/31/2020,Mon: 3:00 PM-6:00 PMWed: 3:00 PM-6:00 PMSat: 8:30 AM-12:00 PM
1019038,1,05/30/2018 to 10/17/2018,Wed: 3:30 AM-8:00 PM
1005140,1,04/21/2018 to 12/29/2018,Sat: 8:30 AM-12:00 PM
1021317,1,10/31/2020 to 10/31/2020,Sat: 9:00 AM-1:00 PM
1021386,1,04/17/2021 to 04/17/2021,Sat: 8:00 AM-1:00 PM
1021385,1,06/01/2021 to 06/01/2021,Tue: 8:00 AM-1:00 PM
1011337,1,05/01/2020 to 10/31/2020,Tue: 2:00 PM-6:00 PMThu: 2:00 PM-6:00 PMSat: 7:30 AM-1:00 PM
1021328,1,04/03/2021 to 04/03/2021,Sat: 8:00 AM-12:00 PM
1019912,1,07/07/2020 to 10/27/2020,Wed: 3:00 PM-6:00 PM
1007309,1,05/01/2021 to 05/01/2021,Sat: 9:00 AM-12:00 PM
1007309,2,12/12/2020 to 12/12/2020,Sat: 10:00 AM-12:00 PM
1017915,1,01/01/2018 to 01/01/2018,Sat: 8:00 AM-12:00 PM
1019708,1,10/19/2019 to 04/18/2020,Sun: 9:00 AM-12:00 PM
1002366,1,01/01/2020 to 12/31/2020,Sat: 8:00 AM-4:00 PMSun: 8:00 AM-4:00 PM
1019508,1,05/10/2019 to 10/18/2019,Fri: 4:00 PM-7:00 PM
1019247,1,01/01/2018 to 12/31/2018,Wed: 4:00 PM-8:00 PM
1019245,1,01/01/2018 to 12/31/2018,Sun: 11:00 AM-3:00 PM
1019246,1,01/01/2018 to 12/31/2018,Sun: 11:00 AM-3:00 PM
1019250,1,01/01/2018 to 12/31/2018,Fri: 4:00 PM-8:00 PM
1019242,1,01/01/2018 to 12/31/2018,Sun: 11:00 AM-3:00 PM
1019244,1,01/01/2018 to 12/31/2018,Sun: 11:00 AM-3:00 PM
1019327,1,01/01/2018 to 12/31/2018,Tue: 3:00 PM-7:00 PM
1016909,1,06/14/2017 to 10/11/2017,Wed: 10:00 AM-1:00 PM
1021545,1,04/16/2021 to 04/16/2021,Fri: 4:00 PM-8:00 PM
1021545,2,10/01/2021 to 10/01/2021,Fri: 9:00 AM-2:00 PM
1019863,1,05/02/2020 to 08/29/2020,Sat: 9:00 AM-1:00 PM
1019792,1,06/01/2020 to 10/12/2020,Mon: 3:30 PM-7:00 PM
